阿,阿る,オモネル,五段・ラ行
哀,哀しむ,カナシム,五段・マ行
愛,愛す,アイス,五段・サ行
愛,愛する,アイス,サ変・−スル
愛,愛する,アイスル,サ変・−スル
愛,愛せる,アイセル,一段
愛,愛でる,メデル,一段
逢,逢う,アウ,五段・ワ行促音便
逢,逢える,アエル,一段
握,握る,ニギル,五段・ラ行
握,握れる,ニギレル,一段
壓,圧す,オス,五段・サ行
圧,圧す,オス,五段・サ行
壓,圧する,アッス,サ変・−スル
圧,圧する,アッス,サ変・−スル
壓,圧する,アッスル,サ変・−スル
圧,圧する,アッスル,サ変・−スル
扱,扱う,アツカウ,五段・ワ行促音便
扱,扱える,アツカエル,一段
扱,扱く,コク,五段・カ行イ音便
扱,扱く,シゴク,五段・カ行イ音便
扱,扱ぐ,コグ,五段・ガ行
宛,宛てる,アテル,一段
綾,綾なす,アヤナス,五段・サ行
按,按ずる,アンズ,サ変・−ズル
按,按ずる,アンズル,サ変・−ズル
暗,暗ます,クラマス,五段・サ行
暗,暗む,クラム,五段・マ行
案,案ずる,アンズ,サ変・−ズル
案,案ずる,アンズル,サ変・−ズル
位,位する,クライス,サ変・−スル
位,位する,クライスル,サ変・−スル
依,依る,ヨル,五段・ラ行
圍,囲う,カコウ,五段・ワ行促音便
囲,囲う,カコウ,五段・ワ行促音便
圍,囲える,カコエル,一段
囲,囲える,カコエル,一段
圍,囲む,カコム,五段・マ行
囲,囲む,カコム,五段・マ行
圍,囲める,カコメル,一段
囲,囲める,カコメル,一段
委,委する,イス,サ変・−スル
委,委する,イスル,サ変・−スル
委,委せる,マカセル,一段
委,委ねる,ユダネル,一段
威,威かす,オドカス,五段・サ行
威,威す,オドス,五段・サ行
威,威ばる,イバル,五段・ラ行
慰,慰する,イス,サ変・−スル
慰,慰する,イスル,サ変・−スル
慰,慰む,ナグサム,五段・マ行
慰,慰める,ナグサメル,一段
爲,為さる,ナサル,五段・ラ行
為,為さる,ナサル,五段・ラ行
爲,為す,ナス,五段・サ行
為,為す,ナス,五段・サ行
爲,為る,ナル,五段・ラ行
為,為る,ナル,五段・ラ行
畏,畏まる,カシコマル,五段・ラ行
畏,畏れる,オソレル,一段
異,異なる,コトナル,五段・ラ行
移,移す,ウツス,五段・サ行
移,移せる,ウツセル,一段
移,移る,ウツル,五段・ラ行
移,移れる,ウツレル,一段
萎,萎える,ナエル,一段
萎,萎む,シボム,五段・マ行
萎,萎れる,シオレル,一段
謂,謂う,イウ,五段・ワ行促音便
謂,謂う,ユウ,五段・ワ行促音便
違,違う,チガウ,五段・ワ行促音便
違,違える,タガエル,一段
違,違える,チガエル,一段
遺,遺す,ノコス,五段・サ行
遺,遺る,ノコル,五段・ラ行
醫,医する,イス,サ変・−スル
医,医する,イス,サ変・−スル
醫,医する,イスル,サ変・−スル
医,医する,イスル,サ変・−スル
育,育つ,ソダツ,五段・タ行
育,育てる,ソダテル,一段
育,育む,ハグクム,五段・マ行
育,育める,ハグクメル,一段
溢,溢れる,アフレル,一段
溢,溢れる,コボレル,一段
逸,逸す,イッス,五段・サ行
逸,逸す,イッス,五段・サ行
逸,逸す,ソラス,五段・サ行
逸,逸す,ソラス,五段・サ行
逸,逸する,イッス,サ変・−スル
逸,逸する,イッス,サ変・−スル
逸,逸する,イッスル,サ変・−スル
逸,逸する,イッスル,サ変・−スル
逸,逸らす,ソラス,五段・サ行
逸,逸らす,ソラス,五段・サ行
逸,逸る,ハヤル,五段・ラ行
逸,逸る,ハヤル,五段・ラ行
逸,逸れる,ソレル,一段
逸,逸れる,ソレル,一段
印,印す,シルス,五段・サ行
印,印する,インス,サ変・−スル
印,印する,インスル,サ変・−スル
印,印せる,シルセル,一段
咽,咽ぶ,ムセブ,五段・バ行
因,因む,チナム,五段・マ行
因,因る,ヨル,五段・ラ行
引,引く,ヒク,五段・カ行イ音便
引,引ける,ヒケル,一段
引,引ずる,ヒキズル,五段・ラ行
引,引つる,ヒキツル,五段・ラ行
飲,飲ます,ノマス,五段・サ行
飲,飲む,ノム,五段・マ行
飲,飲める,ノメル,一段
淫,淫する,インス,サ変・−スル
淫,淫する,インスル,サ変・−スル
陰,陰る,カゲル,五段・ラ行
隱,隠す,カクス,五段・サ行
隠,隠す,カクス,五段・サ行
隱,隠せる,カクセル,一段
隠,隠せる,カクセル,一段
隱,隠る,コモル,五段・ラ行
隠,隠る,コモル,五段・ラ行
隱,隠れる,カクレル,一段
隠,隠れる,カクレル,一段
迂,迂る,マガル,五段・ラ行
迃,迂る,マガル,五段・ラ行
窺,窺う,ウカガウ,五段・ワ行促音便
窺,窺える,ウカガエル,一段
唄,唄う,ウタウ,五段・ワ行促音便
唄,唄える,ウタエル,一段
云,云う,イウ,五段・ワ行促音便
云,云う,ユウ,五段・ワ行促音便
運,運ぶ,ハコブ,五段・バ行
運,運べる,ハコベル,一段
營,営む,イトナム,五段・マ行
営,営む,イトナム,五段・マ行
映,映える,ハエル,一段
映,映す,ウツス,五段・サ行
映,映ずる,エイズ,サ変・−ズル
映,映ずる,エイズル,サ変・−ズル
映,映せる,ウツセル,一段
映,映る,ウツル,五段・ラ行
曳,曳く,ヒク,五段・カ行イ音便
曳,曳ける,ヒケル,一段
榮,栄える,サカエル,一段
栄,栄える,サカエル,一段
榮,栄える,ハエル,一段
栄,栄える,ハエル,一段
泳,泳ぐ,オヨグ,五段・ガ行
泳,泳げる,オヨゲル,一段
洩,洩らす,モラス,五段・サ行
洩,洩る,モル,五段・ラ行
洩,洩れる,モレル,一段
詠,詠う,ウタウ,五段・ワ行促音便
詠,詠える,ウタエル,一段
詠,詠ずる,エイズ,サ変・−ズル
詠,詠ずる,エイズル,サ変・−ズル
詠,詠む,ヨム,五段・マ行
詠,詠める,ヨメル,一段
益,益する,エキス,サ変・−スル
益,益する,エキスル,サ変・−スル
悦,悦ぶ,ヨロコブ,五段・バ行
悦,悦べる,ヨロコベル,一段
越,越える,コエル,一段
越,越す,コス,五段・サ行
越,越せる,コセル,一段
閲,閲する,エッス,サ変・−スル
閲,閲する,エッスル,サ変・−スル
閲,閲する,ケミス,サ変・−スル
閲,閲する,ケミスル,サ変・−スル
厭,厭う,イトウ,五段・ワ行ウ音便
厭,厭う,イトウ,五段・ワ行促音便
厭,厭く,アク,五段・カ行イ音便
堰,堰く,セク,五段・カ行イ音便
延,延す,ノバス,五段・サ行
延,延ばす,ノバス,五段・サ行
延,延べる,ノベル,一段
怨,怨する,エンス,サ変・−スル
怨,怨する,エンスル,サ変・−スル
怨,怨む,ウラム,五段・マ行
沿,沿う,ソウ,五段・ワ行促音便
演,演ずる,エンズ,サ変・−ズル
演,演ずる,エンズル,サ変・−ズル
煙,煙る,ケムル,五段・ラ行
緣,縁る,ヨル,五段・ラ行
縁,縁る,ヨル,五段・ラ行
於,於く,オク,五段・カ行イ音便
汚,汚す,ケガス,五段・サ行
汚,汚す,ヨゴス,五段・サ行
汚,汚れる,ケガレル,一段
汚,汚れる,ヨゴレル,一段
凹,凹ます,ヘコマス,五段・サ行
凹,凹む,ヘコム,五段・マ行
奧,奥まる,オクマル,五段・ラ行
奥,奥まる,オクマル,五段・ラ行
往,往く,ユク,五段・カ行イ音便
往,往ける,ユケル,一段
往,往ぬ,イヌ,五段・ナ行
應,応える,コタエル,一段
応,応える,コタエル,一段
應,応ずる,オウズ,サ変・−ズル
応,応ずる,オウズ,サ変・−ズル
應,応ずる,オウズル,サ変・−ズル
応,応ずる,オウズル,サ変・−ズル
押,押える,オサエル,一段
押,押す,オス,五段・サ行
押,押せる,オセル,一段
毆,殴る,ナグル,五段・ラ行
殴,殴る,ナグル,五段・ラ行
毆,殴れる,ナグレル,一段
殴,殴れる,ナグレル,一段
沖,沖する,チュウス,サ変・−スル
沖,沖する,チュウスル,サ変・−スル
憶,憶える,オボエル,一段
臆,臆する,オクス,サ変・−スル
臆,臆する,オクスル,サ変・−スル
卸,卸す,オロス,五段・サ行
溫,温まる,アタタマル,五段・ラ行
温,温まる,アタタマル,五段・ラ行
溫,温まる,ヌクマル,五段・ラ行
温,温まる,ヌクマル,五段・ラ行
溫,温む,ヌルム,五段・マ行
温,温む,ヌルム,五段・マ行
溫,温める,アタタメル,一段
温,温める,アタタメル,一段
溫,温める,ヌクメル,一段
温,温める,ヌクメル,一段
下,下がる,サガル,五段・ラ行
下,下げる,サゲル,一段
下,下さる,クダサル,五段・ラ行特殊
下,下す,クダス,五段・サ行
下,下せる,クダセル,一段
下,下る,クダル,五段・ラ行
下,下さる,クダサル,五段・ラ行特殊
化,化かす,バカス,五段・サ行
化,化ける,バケル,一段
化,化す,カス,五段・サ行
假,仮す,カス,五段・サ行
仮,仮す,カス,五段・サ行
價,価する,アタイス,サ変・−スル
価,価する,アタイス,サ変・−スル
價,価する,アタイスル,サ変・−スル
価,価する,アタイスル,サ変・−スル
加,加える,クワエル,一段
加,加わる,クワワル,五段・ラ行
嘉,嘉する,ヨミス,サ変・−スル
嘉,嘉する,ヨミスル,サ変・−スル
嫁,嫁ぐ,トツグ,五段・ガ行
科,科す,カス,五段・サ行
科,科する,カス,サ変・−スル
科,科する,カスル,サ変・−スル
果,果す,ハタス,五段・サ行
果,果せる,オオセル,一段
果,果たす,ハタス,五段・サ行
果,果てる,ハテル,一段
架,架かる,カカル,五段・ラ行
架,架ける,カケル,一段
架,架する,カス,サ変・−スル
架,架する,カスル,サ変・−スル
架,架る,カカル,五段・ラ行
歌,歌う,ウタウ,五段・ワ行促音便
歌,歌える,ウタエル,一段
歌,歌わす,ウタワス,五段・サ行
稼,稼ぐ,カセグ,五段・ガ行
稼,稼げる,カセゲル,一段
苛,苛む,サイナム,五段・マ行
苛,苛める,イジメル,一段
課,課す,カス,五段・サ行
課,課する,カス,サ変・−スル
課,課する,カスル,サ変・−スル
過,過す,スゴス,五段・サ行
過,過つ,アヤマツ,五段・タ行
過,過る,ヨギル,五段・ラ行
霞,霞む,カスム,五段・マ行
畫,画く,エガク,五段・カ行イ音便
画,画く,エガク,五段・カ行イ音便
畫,画す,カクス,五段・サ行
画,画す,カクス,五段・サ行
畫,画する,カクス,サ変・−スル
画,画する,カクス,サ変・−スル
畫,画する,カクスル,サ変・−スル
画,画する,カクスル,サ変・−スル
臥,臥す,フス,五段・サ行
臥,臥せる,フセル,五段・ラ行
賀,賀する,ガス,サ変・−スル
賀,賀する,ガスル,サ変・−スル
餓,餓える,ウエル,一段
餓,餓える,カツエル,一段
介,介す,カイス,五段・サ行
介,介する,カイス,サ変・−スル
介,介する,カイスル,サ変・−スル
會,会う,アウ,五段・ワ行促音便
会,会う,アウ,五段・ワ行促音便
會,会える,アエル,一段
会,会える,アエル,一段
會,会す,カイス,五段・サ行
会,会す,カイス,五段・サ行
會,会わす,アワス,五段・サ行
会,会わす,アワス,五段・サ行
解,解かす,トカス,五段・サ行
解,解く,トク,五段・カ行イ音便
解,解く,ホドク,五段・カ行イ音便
解,解ける,トケル,一段
解,解ける,ホドケル,一段
解,解す,カイス,五段・サ行
解,解す,ホグス,五段・サ行
解,解する,カイス,サ変・−スル
解,解する,カイスル,サ変・−スル
解,解する,ゲス,サ変・−スル
解,解する,ゲスル,サ変・−スル
解,解せる,ホグセル,一段
解,解る,ワカル,五段・ラ行
解,解れる,ホグレル,一段
解,解れる,ホツレル,一段
回,回す,マワス,五段・サ行
回,回せる,マワセル,一段
回,回る,マワル,五段・ラ行
回,回れる,マワレル,一段
回,回る,マワル,五段・ラ行
壞,壊す,コワス,五段・サ行
壊,壊す,コワス,五段・サ行
壞,壊せる,コワセル,一段
壊,壊せる,コワセル,一段
壞,壊れる,コワレル,一段
壊,壊れる,コワレル,一段
廻,廻す,マワス,五段・サ行
廻,廻せる,マワセル,一段
廻,廻らす,メグラス,五段・サ行
廻,廻る,マワル,五段・ラ行
廻,廻る,メグル,五段・ラ行
廻,廻れる,マワレル,一段
怪,怪しむ,アヤシム,五段・マ行
懷,懐く,イダク,五段・カ行イ音便
懐,懐く,イダク,五段・カ行イ音便
懷,懐く,ナツク,五段・カ行イ音便
懐,懐く,ナツク,五段・カ行イ音便
懷,懐ける,ナツケル,一段
懐,懐ける,ナツケル,一段
戒,戒める,イマシメル,一段
拐,拐う,サラウ,五段・ワ行促音便
拐,拐う,サラウ,五段・ワ行促音便
拐,拐かす,カドワカス,五段・サ行
拐,拐かす,カドワカス,五段・サ行
改,改まる,アラタマル,五段・ラ行
改,改む,アラタム,下二・マ行
改,改める,アラタメル,一段
晦,晦ます,クラマス,五段・サ行
開,開く,アク,五段・カ行イ音便
開,開く,ヒラク,五段・カ行イ音便
開,開ける,アケル,一段
開,開ける,ヒラケル,一段
外,外す,ハズス,五段・サ行
外,外せる,ハズセル,一段
外,外らす,ソラス,五段・サ行
外,外れる,ハズレル,一段
咳,咳く,セク,五段・カ行イ音便
害,害す,ガイス,五段・サ行
害,害する,ガイス,サ変・−スル
害,害する,ガイスル,サ変・−スル
慨,慨する,ガイス,サ変・−スル
慨,慨する,ガイス,サ変・−スル
慨,慨する,ガイスル,サ変・−スル
慨,慨する,ガイスル,サ変・−スル
鎧,鎧う,ヨロウ,五段・ワ行促音便
馨,馨る,カオル,五段・ラ行
劃,劃する,カクス,サ変・−スル
劃,劃する,カクスル,サ変・−スル
嚇,嚇す,オドカス,五段・サ行
嚇,嚇す,オドス,五段・サ行
擴,拡がる,ヒロガル,五段・ラ行
拡,拡がる,ヒロガル,五段・ラ行
擴,拡げる,ヒロゲル,一段
拡,拡げる,ヒロゲル,一段
獲,獲る,エル,一段
穫,穫る,カル,五段・ラ行
覺,覚える,オボエル,一段
覚,覚える,オボエル,一段
覺,覚す,サマス,五段・サ行
覚,覚す,サマス,五段・サ行
覺,覚ます,サマス,五段・サ行
覚,覚ます,サマス,五段・サ行
覺,覚める,サメル,一段
覚,覚める,サメル,一段
覺,覚る,サトル,五段・ラ行
覚,覚る,サトル,五段・ラ行
較,較べる,クラベル,一段
隔,隔たる,ヘダタル,五段・ラ行
隔,隔てる,ヘダテル,一段
革,革まる,アラタマル,五段・ラ行
革,革める,アラタメル,一段
學,学ぶ,マナブ,五段・バ行
学,学ぶ,マナブ,五段・バ行
斅,学ぶ,マナブ,五段・バ行
學,学べる,マナベル,一段
学,学べる,マナベル,一段
斅,学べる,マナベル,一段
樂,楽しむ,タノシム,五段・マ行
楽,楽しむ,タノシム,五段・マ行
樂,楽しめる,タノシメル,一段
楽,楽しめる,タノシメル,一段
掛,掛かる,カカル,五段・ラ行
掛,掛ける,カケル,一段
掛,掛る,カカル,五段・ラ行
割,割く,サク,五段・カ行イ音便
割,割ける,サケル,一段
割,割る,ワル,五段・ラ行
割,割る,ワレル,一段
割,割れる,ワレル,一段
括,括る,ククル,五段・ラ行
括,括れる,クビレル,一段
活,活かす,イカス,五段・サ行
活,活かる,イカル,五段・ラ行
活,活ける,イケル,一段
渴,渇かす,カワカス,五段・サ行
渇,渇かす,カワカス,五段・サ行
渴,渇く,カワク,五段・カ行イ音便
渇,渇く,カワク,五段・カ行イ音便
渴,渇する,カッス,サ変・−スル
渇,渇する,カッス,サ変・−スル
渴,渇する,カッスル,サ変・−スル
渇,渇する,カッスル,サ変・−スル
渴,渇れる,カレル,一段
渇,渇れる,カレル,一段
滑,滑べる,スベル,五段・ラ行
滑,滑らす,スベラス,五段・サ行
滑,滑る,スベル,五段・ラ行
滑,滑れる,スベレル,一段
叶,叶う,カナウ,五段・ワ行促音便
叶,叶える,カナエル,一段
噛,噛む,カム,五段・マ行
噛,噛める,カメル,一段
刈,刈る,カル,五段・ラ行
苅,苅る,カル,五段・ラ行
乾,乾かす,カワカス,五段・サ行
乾,乾く,カワク,五段・カ行イ音便
乾,乾す,ホス,五段・サ行
冠,冠す,カンス,五段・サ行
冠,冠する,カンス,サ変・−スル
冠,冠する,カンスル,サ変・−スル
勘,勘ぐる,カングル,五段・ラ行
勸,勧める,ススメル,一段
勧,勧める,ススメル,一段
卷,巻く,マク,五段・カ行イ音便
巻,巻く,マク,五段・カ行イ音便
卷,巻ける,マケル,一段
巻,巻ける,マケル,一段
喚,喚く,ワメク,五段・カ行イ音便
喚,喚ぶ,ヨブ,五段・バ行
堪,堪える,コタエル,一段
堪,堪える,コラエル,一段
堪,堪える,タエル,一段
堪,堪へる,タヘル,一段
堪,堪る,タマル,五段・ラ行
寬,寛ぐ,クツログ,五段・ガ行
寛,寛ぐ,クツログ,五段・ガ行
寬,寛げる,クツロゲル,一段
寛,寛げる,クツロゲル,一段
干,干す,ホス,五段・サ行
干,干せる,ホセル,一段
干,干る,ヒル,一段
患,患う,ワズラウ,五段・ワ行促音便
感,感ずる,カンズ,サ変・−ズル
感,感ずる,カンズル,サ変・−ズル
慣,慣す,ナラス,五段・サ行
慣,慣らす,ナラス,五段・サ行
慣,慣れる,ナレル,一段
慣,慣わす,ナラワス,五段・サ行
憾,憾む,ウラム,五段・マ行
換,換える,カエル,一段
換,換わる,カワル,五段・ラ行
歡,歓ぶ,ヨロコブ,五段・バ行
歓,歓ぶ,ヨロコブ,五段・バ行
歡,歓べる,ヨロコベル,一段
歓,歓べる,ヨロコベル,一段
汗,汗する,アセス,サ変・−スル
汗,汗する,アセスル,サ変・−スル
甘,甘える,アマエル,一段
看,看る,ミル,一段
緩,緩まる,ユルマル,五段・ラ行
緩,緩む,ユルム,五段・マ行
緩,緩める,ユルメル,一段
觀,観する,カンス,サ変・−スル
観,観する,カンス,サ変・−スル
觀,観する,カンスル,サ変・−スル
観,観する,カンスル,サ変・−スル
觀,観ずる,カンズ,サ変・−ズル
観,観ずる,カンズ,サ変・−ズル
觀,観ずる,カンズル,サ変・−ズル
観,観ずる,カンズル,サ変・−ズル
觀,観る,ミル,一段
観,観る,ミル,一段
諌,諌む,イサム,五段・マ行
諌,諌める,イサメル,一段
貫,貫く,ツラヌク,五段・カ行イ音便
貫,貫ける,ツラヌケル,一段
還,還す,カエス,五段・サ行
還,還る,カエル,五段・ラ行
關,関す,カンス,五段・サ行
関,関す,カンス,五段・サ行
關,関する,カンス,サ変・−スル
関,関する,カンス,サ変・−スル
關,関する,カンスル,サ変・−スル
関,関する,カンスル,サ変・−スル
關,関わる,カカワル,五段・ラ行
関,関わる,カカワル,五段・ラ行
陷,陥る,オチイル,五段・ラ行
陥,陥る,オチイル,五段・ラ行
陷,陥れる,オトシイレル,一段
陥,陥れる,オトシイレル,一段
丸,丸まる,マルマル,五段・ラ行
𠁽,丸まる,マルマル,五段・ラ行
丸,丸める,マルメル,一段
𠁽,丸める,マルメル,一段
含,含まる,フクマル,五段・ラ行
含,含む,フクム,五段・マ行
含,含める,フクメル,一段
玩,玩ぶ,モテアソブ,五段・バ行
頑,頑ばる,ガンバル,五段・ラ行
願,願う,ネガウ,五段・ワ行促音便
願,願える,ネガエル,一段
願,願う,ネガウ,五段・ワ行促音便
願,願える,ネガエル,一段
企,企てる,クワダテル,一段
企,企む,タクラム,五段・マ行
喜,喜ばす,ヨロコバス,五段・サ行
喜,喜ぶ,ヨロコブ,五段・バ行
喜,喜べる,ヨロコベル,一段
基,基く,モトヅク,五段・カ行イ音便
寄,寄せる,ヨセル,一段
寄,寄る,ヨル,五段・ラ行
寄,寄れる,ヨレル,一段
希,希う,コイネガウ,五段・ワ行促音便
忌,忌む,イム,五段・マ行
揮,揮う,フルウ,五段・ワ行促音便
期,期す,キス,五段・サ行
期,期する,キス,サ変・−スル
期,期する,キスル,サ変・−スル
棄,棄てる,ステル,一段
歸,帰す,カエス,五段・サ行
帰,帰す,カエス,五段・サ行
㱕,帰す,カエス,五段・サ行
歸,帰す,キス,五段・サ行
帰,帰す,キス,五段・サ行
㱕,帰す,キス,五段・サ行
歸,帰せる,カエセル,一段
帰,帰せる,カエセル,一段
㱕,帰せる,カエセル,一段
歸,帰る,カエル,五段・ラ行
帰,帰る,カエル,五段・ラ行
㱕,帰る,カエル,五段・ラ行
歸,帰れる,カエレル,一段
帰,帰れる,カエレル,一段
㱕,帰れる,カエレル,一段
氣,気ばる,キバル,五段・ラ行
気,気ばる,キバル,五段・ラ行
祈,祈ぐ,ネグ,五段・ガ行
祈,祈ぐ,ネグ,五段・ガ行
祈,祈る,イノル,五段・ラ行
祈,祈る,イノル,五段・ラ行
祈,祈れる,イノレル,一段
祈,祈れる,イノレル,一段
記,記す,シルス,五段・サ行
記,記せる,シルセル,一段
貴,貴ぶ,タットブ,五段・バ行
貴,貴ぶ,トウトブ,五段・バ行
貴,貴べる,タットベル,一段
起,起す,オコス,五段・サ行
起,起つ,タツ,五段・タ行
起,起てる,タテル,一段
起,起る,オコル,五段・ラ行
輝,輝かす,カガヤカス,五段・サ行
輝,輝く,カガヤク,五段・カ行イ音便
輝,輝る,テル,五段・ラ行
飢,飢える,ウエル,一段
飢,飢える,カツエル,一段
僞,偽る,イツワル,五段・ラ行
偽,偽る,イツワル,五段・ラ行
戲,戯ける,タワケル,一段
戯,戯ける,タワケル,一段
戲,戯れる,ザレル,一段
戯,戯れる,ザレル,一段
戲,戯れる,タワムレル,一段
戯,戯れる,タワムレル,一段
擬,擬す,ギス,五段・サ行
擬,擬する,ギス,サ変・−スル
擬,擬する,ギスル,サ変・−スル
欺,欺く,アザムク,五段・カ行イ音便
欺,欺ける,アザムケル,一段
疑,疑う,ウタガウ,五段・ワ行促音便
疑,疑える,ウタガエル,一段
疑,疑る,ウタグル,五段・ラ行
議,議す,ギス,五段・サ行
議,議する,ギス,サ変・−スル
議,議する,ギスル,サ変・−スル
掬,掬う,スクウ,五段・ワ行促音便
掬,掬する,キクス,サ変・−スル
掬,掬する,キクスル,サ変・−スル
掬,掬ぶ,ムスブ,五段・バ行
吃,吃る,ドモル,五段・ラ行
喫,喫す,キッス,五段・サ行
喫,喫する,キッス,サ変・−スル
喫,喫する,キッスル,サ変・−スル
詰,詰まる,ツマル,五段・ラ行
詰,詰む,ツム,五段・マ行
詰,詰める,ツメル,一段
詰,詰る,ツマル,五段・ラ行
詰,詰る,ナジル,五段・ラ行
虐,虐げる,シイタゲル,一段
虐,虐める,イジメル,一段
仇,仇する,アダス,サ変・−スル
仇,仇する,アダスル,サ変・−スル
休,休する,キュウス,サ変・−スル
休,休する,キュウスル,サ変・−スル
休,休まる,ヤスマル,五段・ラ行
休,休む,ヤスム,五段・マ行
休,休める,ヤスメル,一段
及,及ぶ,オヨブ,五段・バ行
吸,吸う,スウ,五段・ワ行ウ音便
吸,吸う,スウ,五段・ワ行促音便
吸,吸える,スエル,一段
急,急かす,セカス,五段・サ行
急,急がす,イソガス,五段・サ行
急,急く,セク,五段・カ行イ音便
急,急ぐ,イソグ,五段・ガ行
急,急げる,イソゲル,一段
救,救う,スクウ,五段・ワ行促音便
救,救える,スクエル,一段
救,救ける,タスケル,一段
求,求まる,モトマル,五段・ラ行
求,求む,モトム,五段・マ行
求,求める,モトメル,一段
汲,汲む,クム,五段・マ行
汲,汲める,クメル,一段
泣,泣かす,ナカス,五段・サ行
泣,泣く,ナク,五段・カ行イ音便
泣,泣ける,ナケル,一段
究,究める,キワメル,一段
窮,窮する,キュウス,サ変・−スル
窮,窮する,キュウスル,サ変・−スル
窮,窮まる,キワマル,五段・ラ行
窮,窮める,キワメル,一段
糾,糾う,アザナウ,五段・ワ行促音便
糾,糾す,タダス,五段・サ行
給,給う,タマウ,五段・ワ行促音便
給,給する,キュウス,サ変・−スル
給,給する,キュウスル,サ変・−スル
給,給ぶ,タブ,五段・バ行
給,給わる,タマワル,五段・ラ行
舊,旧る,フル,五段・ラ行
旧,旧る,フル,五段・ラ行
去,去る,サル,五段・ラ行
厺,去る,サル,五段・ラ行
居,居る,イル,一段
居,居る,オル,五段・ラ行
拒,拒む,コバム,五段・マ行
拒,拒める,コバメル,一段
據,拠る,ヨル,五段・ラ行
拠,拠る,ヨル,五段・ラ行
擧,挙がる,アガル,五段・ラ行
挙,挙がる,アガル,五段・ラ行
擧,挙げる,アゲル,一段
挙,挙げる,アゲル,一段
擧,挙る,アガル,五段・ラ行
挙,挙る,アガル,五段・ラ行
擧,挙る,コゾル,五段・ラ行
挙,挙る,コゾル,五段・ラ行
許,許す,ユルス,五段・サ行
許,許せる,ユルセル,一段
漁,漁る,アサル,五段・ラ行
漁,漁る,スナドル,五段・ラ行
禦,禦ぐ,フセグ,五段・ガ行
供,供える,ソナエル,一段
供,供する,キョウス,サ変・−スル
供,供する,キョウスル,サ変・−スル
競,競う,キソウ,五段・ワ行促音便
競,競える,キソエル,一段
競,競べる,クラベル,一段
競,競る,セル,五段・ラ行
叫,叫ぶ,サケブ,五段・バ行
叫,叫べる,サケベル,一段
強,強がる,ツヨガル,五段・ラ行
強,強ばる,コワバル,五段・ラ行
強,強まる,ツヨマル,五段・ラ行
強,強める,ツヨメル,一段
怯,怯える,オビエル,一段
怯,怯む,ヒルム,五段・マ行
恐,恐がる,コワガル,五段・ラ行
恐,恐る,オソレル,一段
恐,恐れる,オソレル,一段
挾,挟まる,ハサマル,五段・ラ行
挟,挟まる,ハサマル,五段・ラ行
挾,挟む,サシハサム,五段・マ行
挟,挟む,サシハサム,五段・マ行
挾,挟む,ハサム,五段・マ行
挟,挟む,ハサム,五段・マ行
挾,挟める,ハサメル,一段
挟,挟める,ハサメル,一段
教,教える,オシエル,一段
教,教わる,オソワル,五段・ラ行
狂,狂う,クルウ,五段・ワ行促音便
狂,狂する,キョウス,サ変・−スル
狂,狂する,キョウスル,サ変・−スル
狂,狂れる,フレル,一段
狂,狂わす,クルワス,五段・サ行
狹,狭まる,セバマル,五段・ラ行
狭,狭まる,セバマル,五段・ラ行
狹,狭める,セバメル,一段
狭,狭める,セバメル,一段
矯,矯める,タメル,一段
脅,脅える,オビエル,一段
脅,脅かす,オドカス,五段・サ行
脅,脅かす,オビヤカス,五段・サ行
脅,脅す,オドス,五段・サ行
興,興がる,キョウガル,五段・ラ行
興,興す,オコス,五段・サ行
興,興ずる,キョウズ,サ変・−ズル
興,興ずる,キョウズル,サ変・−ズル
興,興せる,オコセル,一段
興,興る,オコル,五段・ラ行
響,響かす,ヒビカス,五段・サ行
響,響かす,ヒビカス,五段・サ行
響,響く,ヒビク,五段・カ行イ音便
響,響く,ヒビク,五段・カ行イ音便
饗,饗する,キョウス,サ変・−スル
饗,饗する,キョウスル,サ変・−スル
驚,驚かす,オドロカス,五段・サ行
驚,驚く,オドロク,五段・カ行イ音便
仰,仰ぐ,アオグ,五段・ガ行
仰,仰ける,アオノケル,一段
仰,仰げる,アオゲル,一段
仰,仰せる,オオセル,一段
仰,仰る,オッシャル,五段・ラ行
仰,仰れる,オッシャレル,一段
凝,凝らす,コラス,五段・サ行
凝,凝る,コゴル,五段・ラ行
凝,凝る,コル,五段・ラ行
凝,凝る,シコル,五段・ラ行
曲,曲がる,マガル,五段・ラ行
曲,曲げる,マゲル,一段
曲,曲る,マガル,五段・ラ行
極,極まる,キワマル,五段・ラ行
極,極める,キワメル,一段
勤,勤しむ,イソシム,五段・マ行
勤,勤しむ,イソシム,五段・マ行
勤,勤まる,ツトマル,五段・ラ行
勤,勤まる,ツトマル,五段・ラ行
勤,勤める,ツトメル,一段
勤,勤める,ツトメル,一段
均,均す,ナラス,五段・サ行
禁,禁ずる,キンズ,サ変・−ズル
禁,禁ずる,キンズル,サ変・−ズル
筋,筋ばる,スジバル,五段・ラ行
謹,謹しむ,ツツシム,五段・マ行
謹,謹しむ,ツツシム,五段・マ行
謹,謹む,ツツシム,五段・マ行
謹,謹む,ツツシム,五段・マ行
吟,吟ずる,ギンズ,サ変・−ズル
吟,吟ずる,ギンズル,サ変・−ズル
苦,苦しむ,クルシム,五段・マ行
苦,苦しめる,クルシメル,一段
驅,駆ける,カケル,一段
駆,駆ける,カケル,一段
驅,駆ける,カケル,五段・ラ行
駆,駆ける,カケル,五段・ラ行
驅,駆る,カル,五段・ラ行
駆,駆る,カル,五段・ラ行
駈,駈ける,カケル,一段
駈,駈る,カル,五段・ラ行
具,具える,ソナエル,一段
𥃲,具える,ソナエル,一段
𥃲,具える,ソナエル,一段
具,具する,グス,サ変・−スル
𥃲,具する,グス,サ変・−スル
𥃲,具する,グス,サ変・−スル
具,具する,グスル,サ変・−スル
𥃲,具する,グスル,サ変・−スル
𥃲,具する,グスル,サ変・−スル
具,具わる,ソナワル,五段・ラ行
𥃲,具わる,ソナワル,五段・ラ行
𥃲,具わる,ソナワル,五段・ラ行
喰,喰う,クウ,五段・ワ行促音便
喰,喰える,クエル,一段
空,空かす,スカス,五段・サ行
空,空く,アク,五段・カ行イ音便
空,空く,スク,五段・カ行イ音便
空,空ける,アケル,一段
遇,遇う,アウ,五段・ワ行促音便
遇,遇する,グウス,サ変・−スル
遇,遇する,グウスル,サ変・−スル
屈,屈す,クッス,五段・サ行
屈,屈する,クッス,サ変・−スル
屈,屈する,クッスル,サ変・−スル
屈,屈まる,クグマル,五段・ラ行
屈,屈む,カガム,五段・マ行
屈,屈める,カガメル,一段
屈,屈める,コゴメル,一段
掘,掘る,ホル,五段・ラ行
掘,掘れる,ホレル,一段
窪,窪まる,クボマル,五段・ラ行
窪,窪む,クボム,五段・マ行
窪,窪める,クボメル,一段
繰,繰る,クル,五段・ラ行
薰,薫ずる,クンズ,サ変・−ズル
薫,薫ずる,クンズ,サ変・−ズル
薰,薫ずる,クンズル,サ変・−ズル
薫,薫ずる,クンズル,サ変・−ズル
薰,薫る,カオル,五段・ラ行
薫,薫る,カオル,五段・ラ行
訓,訓ずる,クンズ,サ変・−ズル
訓,訓ずる,クンズル,サ変・−ズル
群,群がる,ムラガル,五段・ラ行
群,群れる,ムレル,一段
係,係る,カカル,五段・ラ行
係,係わる,カカワル,五段・ラ行
傾,傾く,カタブク,五段・カ行イ音便
傾,傾く,カタムク,五段・カ行イ音便
傾,傾ぐ,カシグ,五段・ガ行
傾,傾ける,カタブケル,一段
傾,傾ける,カタムケル,一段
傾,傾げる,カシゲル,一段
傾,傾げる,カタゲル,一段
刑,刑する,ケイス,サ変・−スル
𠛬󠄀,刑する,ケイス,サ変・−スル
𠛬,刑する,ケイス,サ変・−スル
刑,刑する,ケイスル,サ変・−スル
𠛬󠄀,刑する,ケイスル,サ変・−スル
𠛬,刑する,ケイスル,サ変・−スル
啓,啓する,ケイス,サ変・−スル
啓,啓する,ケイスル,サ変・−スル
契,契る,チギル,五段・ラ行
契,契れる,チギレル,一段
惠,恵む,メグム,五段・マ行
恵,恵む,メグム,五段・マ行
慶,慶する,ケイス,サ変・−スル
慶,慶する,ケイスル,サ変・−スル
慶,慶ぶ,ヨロコブ,五段・バ行
慶,慶べる,ヨロコベル,一段
憩,憩う,イコウ,五段・ワ行ウ音便
憩,憩う,イコウ,五段・ワ行促音便
揭,掲げる,カカゲル,一段
掲,掲げる,カカゲル,一段
携,携える,タズサエル,一段
携,携わる,タズサワル,五段・ラ行
敬,敬う,ウヤマウ,五段・ワ行促音便
敬,敬う,ウヤマウ,五段・ワ行促音便
敬,敬える,ウヤマエル,一段
敬,敬える,ウヤマエル,一段
敬,敬する,ケイス,サ変・−スル
敬,敬する,ケイス,サ変・−スル
敬,敬する,ケイスル,サ変・−スル
敬,敬する,ケイスル,サ変・−スル
經,経つ,タツ,五段・タ行
経,経つ,タツ,五段・タ行
經,経る,ヘル,一段
経,経る,ヘル,一段
繼,継ぐ,ツグ,五段・ガ行
継,継ぐ,ツグ,五段・ガ行
繼,継げる,ツゲル,一段
継,継げる,ツゲル,一段
繼,継る,ツナガル,五段・ラ行
継,継る,ツナガル,五段・ラ行
繋,繋がる,ツナガル,五段・ラ行
繋,繋ぐ,ツナグ,五段・ガ行
繋,繋げる,ツナゲル,一段
繋,繋る,カカル,五段・ラ行
計,計る,ハカル,五段・ラ行
計,計れる,ハカレル,一段
詣,詣でる,モウデル,一段
詣,詣る,マイル,五段・ラ行
詣,詣れる,マイレル,一段
警,警める,イマシメル,一段
輕,軽しめる,カロシメル,一段
軽,軽しめる,カロシメル,一段
迎,迎える,ムカエル,一段
擊,撃つ,ウツ,五段・タ行
撃,撃つ,ウツ,五段・タ行
擊,撃てる,ウテル,一段
撃,撃てる,ウテル,一段
激,激つ,タギツ,五段・タ行
缺,欠かす,カカス,五段・サ行
欠,欠かす,カカス,五段・サ行
缺,欠く,カク,五段・カ行イ音便
欠,欠く,カク,五段・カ行イ音便
缺,欠ける,カケル,一段
欠,欠ける,カケル,一段
決,決す,ケッス,五段・サ行
決,決する,ケッス,サ変・−スル
決,決する,ケッスル,サ変・−スル
決,決まる,キマル,五段・ラ行
決,決める,キメル,一段
決,決る,キマル,五段・ラ行
結,結う,ユウ,五段・ワ行促音便
結,結える,ユワエル,一段
結,結く,ユワク,五段・カ行イ音便
結,結ぶ,ムスブ,五段・バ行
結,結べる,ムスベル,一段
訣,訣れる,ワカレル,一段
倦,倦む,アグム,五段・マ行
倦,倦む,ウム,五段・マ行
兼,兼ねる,カネル,一段
嫌,嫌う,キラウ,五段・ワ行促音便
嫌,嫌がる,イヤガル,五段・ラ行
建,建つ,タツ,五段・タ行
建,建てる,タテル,一段
懸,懸かる,カカル,五段・ラ行
懸,懸ける,カケル,一段
懸,懸る,カカル,五段・ラ行
捲,捲く,マク,五段・カ行イ音便
捲,捲ける,マケル,一段
捲,捲る,メクル,五段・ラ行
捲,捲れる,マクレル,一段
檢,検する,ケンス,サ変・−スル
検,検する,ケンス,サ変・−スル
檢,検する,ケンスル,サ変・−スル
検,検する,ケンスル,サ変・−スル
檢,検める,アラタメル,一段
検,検める,アラタメル,一段
牽,牽く,ヒク,五段・カ行イ音便
牽,牽ける,ヒケル,一段
獻,献ずる,ケンズ,サ変・−ズル
献,献ずる,ケンズ,サ変・−ズル
獻,献ずる,ケンズル,サ変・−ズル
献,献ずる,ケンズル,サ変・−ズル
硏,研く,ミガク,五段・カ行イ音便
研,研く,ミガク,五段・カ行イ音便
硏,研ぐ,トグ,五段・ガ行
研,研ぐ,トグ,五段・ガ行
硏,研ける,ミガケル,一段
研,研ける,ミガケル,一段
硏,研げる,トゲル,一段
研,研げる,トゲル,一段
見,見える,マミエル,一段
見,見える,ミエル,一段
見,見せる,ミセル,一段
見,見なす,ミナス,五段・サ行
見,見やる,ミヤル,五段・ラ行
見,見る,ミル,一段
見,見れる,ミレル,一段
謙,謙る,ヘリクダル,五段・ラ行
遣,遣う,ツカウ,五段・ワ行促音便
遣,遣える,ツカエル,一段
遣,遣る,ヤル,五段・ラ行
遣,遣れる,ヤレル,一段
遣,遣わす,ツカワス,五段・サ行
顯,顕す,アラワス,五段・サ行
顕,顕す,アラワス,五段・サ行
顯,顕れる,アラワレル,一段
顕,顕れる,アラワレル,一段
驗,験す,タメス,五段・サ行
験,験す,タメス,五段・サ行
驗,験する,ケンス,サ変・−スル
験,験する,ケンス,サ変・−スル
驗,験する,ケンスル,サ変・−スル
験,験する,ケンスル,サ変・−スル
減,減す,ヘス,五段・サ行
減,減ずる,ゲンズ,サ変・−ズル
減,減ずる,ゲンズル,サ変・−ズル
減,減せる,ヘセル,一段
減,減らす,ヘラス,五段・サ行
減,減る,ヘル,五段・ラ行
現,現す,アラワス,五段・サ行
現,現ずる,ゲンズ,サ変・−ズル
現,現ずる,ゲンズル,サ変・−ズル
現,現せる,アラワセル,一段
現,現れる,アラワレル,一段
言,言う,イウ,五段・ワ行促音便
言,言う,ユウ,五段・ワ行ウ音便
言,言える,イエル,一段
言,言わす,イワス,五段・サ行
限,限る,カギル,五段・ラ行
限,限れる,カギレル,一段
古,古る,フル,五段・ラ行
呼,呼ぶ,ヨブ,五段・バ行
呼,呼べる,ヨベル,一段
固,固まる,カタマル,五段・ラ行
固,固める,カタメル,一段
枯,枯らす,カラス,五段・サ行
枯,枯れる,カレル,一段
糊,糊する,ノリス,サ変・−スル
糊,糊する,ノリスル,サ変・−スル
股,股がる,マタガル,五段・ラ行
誇,誇る,ホコル,五段・ラ行
誇,誇れる,ホコレル,一段
跨,跨ぐ,マタグ,五段・ガ行
跨,跨げる,マタゲル,一段
跨,跨る,マタガル,五段・ラ行
雇,雇う,ヤトウ,五段・ワ行促音便
雇,雇える,ヤトエル,一段
鼓,鼓する,コス,サ変・−スル
鼓,鼓する,コスル,サ変・−スル
伍,伍する,ゴス,サ変・−スル
伍,伍する,ゴスル,サ変・−スル
吳,呉れる,クレル,一段・クレル
呉,呉れる,クレル,一段・クレル
後,後らす,オクラス,五段・サ行
後,後れる,オクレル,一段
御,御する,ギョス,サ変・−スル
御,御する,ギョスル,サ変・−スル
悟,悟る,サトル,五段・ラ行
悟,悟れる,サトレル,一段
語,語る,カタル,五段・ラ行
語,語れる,カタレル,一段
誤,誤らす,アヤマラス,五段・サ行
誤,誤る,アヤマル,五段・ラ行
護,護る,マモル,五段・ラ行
護,護れる,マモレル,一段
乞,乞う,コウ,五段・ワ行ウ音便
交,交う,カウ,五段・ワ行促音便
交,交える,マジエル,一段
交,交ざる,マザル,五段・ラ行
交,交す,カワス,五段・サ行
交,交ぜる,マゼル,一段
交,交わす,カワス,五段・サ行
交,交わる,マジワル,五段・ラ行
候,候う,ソウロウ,五段・ワ行促音便
光,光らす,ヒカラス,五段・サ行
光,光る,ヒカル,五段・ラ行
效,効く,キク,五段・カ行イ音便
効,効く,キク,五段・カ行イ音便
向,向う,ムカウ,五段・ワ行促音便
向,向く,ムク,五段・カ行イ音便
向,向ける,ムケル,一段
好,好く,スク,五段・カ行イ音便
好,好む,コノム,五段・マ行
巧,巧む,タクム,五段・マ行
廣,広がる,ヒロガル,五段・ラ行
広,広がる,ヒロガル,五段・ラ行
廣,広げる,ヒロゲル,一段
広,広げる,ヒロゲル,一段
廣,広まる,ヒロマル,五段・ラ行
広,広まる,ヒロマル,五段・ラ行
廣,広める,ヒロメル,一段
広,広める,ヒロメル,一段
弘,弘める,ヒロメル,一段
慌,慌てる,アワテル,一段
抗,抗う,アラガウ,五段・ワ行促音便
抗,抗える,アラガエル,一段
抗,抗する,コウス,サ変・−スル
抗,抗する,コウスル,サ変・−スル
拘,拘る,カカワル,五段・ラ行
拘,拘わる,カカワル,五段・ラ行
控,控える,ヒカエル,一段
攻,攻める,セメル,一段
昂,昂る,タカブル,五段・ラ行
更,更かす,フカス,五段・サ行
更,更ける,フケル,一段
更,更す,フカス,五段・サ行
構,構う,カマウ,五段・ワ行促音便
構,構える,カマエル,一段
絞,絞まる,シマル,五段・ラ行
絞,絞める,シメル,一段
絞,絞る,シボル,五段・ラ行
絞,絞れる,シボレル,一段
耕,耕す,タガヤス,五段・サ行
耕,耕せる,タガヤセル,一段
考,考える,カンガエル,一段
考,考へる,カンガヘル,一段
肯,肯く,ウナズク,五段・カ行イ音便
航,航る,ワタル,五段・ラ行
航,航れる,ワタレル,一段
荒,荒す,アラス,五段・サ行
荒,荒ぶ,スサブ,五段・バ行
荒,荒む,スサム,五段・マ行
荒,荒らす,アラス,五段・サ行
荒,荒れる,アレル,一段
行,行う,オコナウ,五段・ワ行促音便
行,行える,オコナエル,一段
行,行かす,イカス,五段・サ行
行,行く,イク,五段・カ行促音便
行,行く,ユク,五段・カ行促音便ユク
行,行ける,イケル,一段
行,行ける,ユケル,一段
行,行ずる,ギョウズ,サ変・−ズル
行,行ずる,ギョウズル,サ変・−ズル
行,行く,イク,五段・カ行促音便
行,行く,ユク,五段・カ行促音便ユク
講,講ずる,コウズ,サ変・−ズル
講,講ずる,コウズル,サ変・−ズル
貢,貢ぐ,ミツグ,五段・ガ行
貢,貢げる,ミツゲル,一段
貢,貢ずる,コウズ,サ変・−ズル
貢,貢ずる,コウズル,サ変・−ズル
購,購う,アガナウ,五段・ワ行促音便
降,降す,クダス,五段・サ行
降,降らす,フラス,五段・サ行
降,降る,クダル,五段・ラ行
降,降る,フル,五段・ラ行
香,香る,カオル,五段・ラ行
高,高ずる,コウズ,サ変・−ズル
高,高ずる,コウズル,サ変・−ズル
高,高ぶる,タカブル,五段・ラ行
高,高まる,タカマル,五段・ラ行
高,高める,タカメル,一段
號,号する,ゴウス,サ変・−スル
号,号する,ゴウス,サ変・−スル
號,号する,ゴウスル,サ変・−スル
号,号する,ゴウスル,サ変・−スル
合,合う,アウ,五段・ワ行促音便
合,合える,アエル,一段
合,合さる,アワサル,五段・ラ行
合,合す,アワス,五段・サ行
合,合せる,アワセル,一段
合,合わす,アワス,五段・サ行
合,合う,アウ,五段・ワ行促音便
轟,轟かす,トドロカス,五段・サ行
轟,轟く,トドロク,五段・カ行イ音便
克,克つ,カツ,五段・タ行
刻,刻する,コクス,サ変・−スル
刻,刻する,コクスル,サ変・−スル
刻,刻む,キザム,五段・マ行
刻,刻める,キザメル,一段
吿,告ぐ,ツグ,五段・ガ行
告,告ぐ,ツグ,五段・ガ行
吿,告げる,ツゲル,一段
告,告げる,ツゲル,一段
黑,黒める,クロメル,一段
黒,黒める,クロメル,一段
漉,漉く,スク,五段・カ行イ音便
漉,漉す,コス,五段・サ行
漉,漉せる,コセル,一段
惚,惚ける,トボケル,一段
惚,惚ける,ホウケル,一段
惚,惚ける,ボケル,一段
惚,惚れる,ホレル,一段
骨,骨ばる,ホネバル,五段・ラ行
込,込む,コム,五段・マ行
込,込める,コメル,一段
込,込む,コム,五段・マ行
困,困る,コマル,五段・ラ行
恨,恨む,ウラム,五段・マ行
昏,昏れる,クレル,一段
根,根ざす,ネザス,五段・サ行
梱,梱る,コウル,五段・ラ行
梱,梱る,コル,五段・ラ行
混,混ざる,マザル,五段・ラ行
混,混ずる,コンズ,サ変・−ズル
混,混ずる,コンズル,サ変・−ズル
混,混ぜる,マゼル,一段
混,混む,コム,五段・マ行
唆,唆す,ソソノカス,五段・サ行
差,差す,サス,五段・サ行
差,差せる,サセル,一段
鎖,鎖す,トザス,五段・サ行
坐,坐す,ザス,五段・サ行
坐,坐する,ザス,サ変・−スル
坐,坐する,ザスル,サ変・−スル
坐,坐る,スワル,五段・ラ行
座,座す,ザス,五段・サ行
座,座する,ザス,サ変・−スル
座,座する,ザスル,サ変・−スル
座,座る,スワル,五段・ラ行
座,座れる,スワレル,一段
挫,挫ける,クジケル,一段
催,催す,モヨオス,五段・サ行
塞,塞がる,フサガル,五段・ラ行
塞,塞く,セク,五段・カ行イ音便
塞,塞ぐ,フサグ,五段・ガ行
塞,塞げる,フサゲル,一段
妻,妻せる,メアワセル,一段
彩,彩る,イロドル,五段・ラ行
彩,彩れる,イロドレル,一段
採,採る,トル,五段・ラ行
採,採れる,トレル,一段
濟,済す,ナス,五段・サ行
済,済す,ナス,五段・サ行
濟,済ます,スマス,五段・サ行
済,済ます,スマス,五段・サ行
濟,済む,スム,五段・マ行
済,済む,スム,五段・マ行
碎,砕く,クダク,五段・カ行イ音便
砕,砕く,クダク,五段・カ行イ音便
碎,砕ける,クダケル,一段
砕,砕ける,クダケル,一段
祭,祭る,マツル,五段・ラ行
祭,祭れる,マツレル,一段
齋,斎う,イワウ,五段・ワ行促音便
斎,斎う,イワウ,五段・ワ行促音便
齋,斎く,イツク,五段・カ行イ音便
斎,斎く,イツク,五段・カ行イ音便
細,細める,ホソメル,一段
細,細る,ホソル,五段・ラ行
裁,裁く,サバク,五段・カ行イ音便
裁,裁ける,サバケル,一段
裁,裁つ,タツ,五段・タ行
裁,裁てる,タテル,一段
載,載せる,ノセル,一段
載,載る,ノル,五段・ラ行
際,際す,サイス,五段・サ行
在,在す,マシマス,五段・サ行
在,在る,アル,五段・ラ行
罪,罪する,ツミス,サ変・−スル
罪,罪する,ツミスル,サ変・−スル
冴,冴える,サエル,一段
咲,咲かす,サカス,五段・サ行
咲,咲く,サク,五段・カ行イ音便
作,作る,ツクル,五段・ラ行
作,作れる,ツクレル,一段
削,削ぐ,ソグ,五段・ガ行
削,削げる,ソゲル,一段
削,削る,ケズル,五段・ラ行
削,削れる,ケズレル,一段
搾,搾る,シボル,五段・ラ行
搾,搾れる,シボレル,一段
窄,窄まる,スボマル,五段・ラ行
窄,窄まる,ツボマル,五段・ラ行
窄,窄む,スボム,五段・マ行
窄,窄める,スボメル,一段
窄,窄める,ツボメル,一段
策,策する,サクス,サ変・−スル
策,策する,サクスル,サ変・−スル
索,索く,ヒク,五段・カ行イ音便
刷,刷る,スル,五段・ラ行
刷,刷れる,スレル,一段
察,察す,サッス,五段・サ行
察,察する,サッス,サ変・−スル
察,察する,サッスル,サ変・−スル
撮,撮す,ウツス,五段・サ行
撮,撮む,ツマム,五段・マ行
撮,撮る,トル,五段・ラ行
撮,撮れる,トレル,一段
擦,擦る,コスル,五段・ラ行
擦,擦る,スル,五段・ラ行
擦,擦る,ナスル,五段・ラ行
擦,擦れる,コスレル,一段
擦,擦れる,スレル,一段
殺,殺ぐ,ソグ,五段・ガ行
殺,殺ぐ,ソグ,五段・ガ行
殺,殺げる,ソゲル,一段
殺,殺げる,ソゲル,一段
殺,殺す,コロス,五段・サ行
殺,殺す,コロス,五段・サ行
殺,殺せる,コロセル,一段
殺,殺せる,コロセル,一段
殺,殺める,アヤメル,一段
殺,殺める,アヤメル,一段
殺,殺る,ヤル,五段・ラ行
殺,殺る,ヤル,五段・ラ行
雜,雑ざる,マザル,五段・ラ行
雑,雑ざる,マザル,五段・ラ行
捌,捌かす,ハカス,五段・サ行
捌,捌く,サバク,五段・カ行イ音便
捌,捌ける,サバケル,一段
捌,捌ける,ハケル,一段
晒,晒す,サラス,五段・サ行
晒,晒せる,サラセル,一段
參,参する,サンス,サ変・−スル
参,参する,サンス,サ変・−スル
參,参する,サンスル,サ変・−スル
参,参する,サンスル,サ変・−スル
參,参ずる,サンズ,サ変・−ズル
参,参ずる,サンズ,サ変・−ズル
參,参ずる,サンズル,サ変・−ズル
参,参ずる,サンズル,サ変・−ズル
參,参らす,マイラス,五段・サ行
参,参らす,マイラス,五段・サ行
參,参る,マイル,五段・ラ行
参,参る,マイル,五段・ラ行
參,参れる,マイレル,一段
参,参れる,マイレル,一段
參,参る,マイル,五段・ラ行
参,参る,マイル,五段・ラ行
撒,撒く,マク,五段・カ行イ音便
撒,撒ける,マケル,一段
散,散ずる,サンズ,サ変・−ズル
散,散ずる,サンズル,サ変・−ズル
散,散らす,チラス,五段・サ行
散,散る,チル,五段・ラ行
産,産す,ムス,五段・サ行
産,産む,ウム,五段・マ行
産,産める,ウメル,一段
算,算する,サンス,サ変・−スル
筭,算する,サンス,サ変・−スル
算,算する,サンスル,サ変・−スル
筭,算する,サンスル,サ変・−スル
讃,讃える,タタエル,一段
斬,斬る,キル,五段・ラ行
殘,残す,ノコス,五段・サ行
残,残す,ノコス,五段・サ行
殘,残せる,ノコセル,一段
残,残せる,ノコセル,一段
殘,残る,ノコル,五段・ラ行
残,残る,ノコル,五段・ラ行
殘,残れる,ノコレル,一段
残,残れる,ノコレル,一段
仕,仕える,ツカエル,一段
仕,仕る,ツカマツル,五段・ラ行
伺,伺う,ウカガウ,五段・ワ行促音便
伺,伺える,ウカガエル,一段
伺,伺ふ,ウカガフ,四段・ハ行
使,使う,ツカウ,五段・ワ行ウ音便
使,使う,ツカウ,五段・ワ行促音便
使,使える,ツカエル,一段
刺,刺さる,ササル,五段・ラ行
刺,刺す,サス,五段・サ行
刺,刺せる,サセル,一段
司,司る,ツカサドル,五段・ラ行
嗣,嗣ぐ,ツグ,五段・ガ行
嗣,嗣げる,ツゲル,一段
始,始まる,ハジマル,五段・ラ行
始,始める,ハジメル,一段
始,始める,ハジメル,一段
志,志ざす,ココロザス,五段・サ行
志,志す,ココロザス,五段・サ行
思,思う,オモウ,五段・ワ行ウ音便
思,思う,オモウ,五段・ワ行促音便
思,思える,オモエル,一段
思,思す,オボス,五段・サ行
思,思ふ,オモフ,四段・ハ行
思,思へる,オモヘル,一段
思,思わす,オモワス,五段・サ行
指,指さす,ユビサス,五段・サ行
指,指す,サス,五段・サ行
指,指せる,サセル,一段
支,支う,カウ,五段・ワ行促音便
支,支える,ササエル,一段
支,支える,ツカエル,一段
施,施す,ホドコス,五段・サ行
施,施せる,ホドコセル,一段
止,止す,ヨス,五段・サ行
止,止まる,トマル,五段・ラ行
止,止む,ヤム,五段・マ行
止,止める,トドメル,一段
止,止める,トメル,一段
止,止める,ヤメル,一段
止,止る,トマル,五段・ラ行
死,死す,シス,五段・サ行
死,死する,シス,サ変・−スル
死,死する,シスル,サ変・−スル
死,死なす,シナス,五段・サ行
死,死ぬ,シヌ,五段・ナ行
死,死ねる,シネル,一段
私,私する,ワタクシス,サ変・−スル
私,私する,ワタクシスル,サ変・−スル
至,至る,イタル,五段・ラ行
視,視る,ミル,一段
視,視る,ミル,一段
試,試す,タメス,五段・サ行
試,試せる,タメセル,一段
諮,諮る,ハカル,五段・ラ行
諮,諮れる,ハカレル,一段
資,資する,シス,サ変・−スル
資,資する,シスル,サ変・−スル
賜,賜う,タマウ,五段・ワ行促音便
賜,賜ぶ,タブ,五段・バ行
賜,賜る,タマワル,五段・ラ行
賜,賜わる,タマワル,五段・ラ行
飼,飼う,カウ,五段・ワ行促音便
飼,飼える,カエル,一段
齒,歯する,ヨワイス,サ変・−スル
歯,歯する,ヨワイス,サ変・−スル
齒,歯する,ヨワイスル,サ変・−スル
歯,歯する,ヨワイスル,サ変・−スル
事,事える,ツカエル,一段
似,似せる,ニセル,一段
似,似る,ニル,一段
侍,侍する,ジス,サ変・−スル
侍,侍する,ジスル,サ変・−スル
侍,侍る,ハベル,五段・ラ行
侍,侍れる,ハベレル,一段
慈,慈しむ,イツクシム,五段・マ行
持,持する,ジス,サ変・−スル
持,持する,ジスル,サ変・−スル
持,持たす,モタス,五段・サ行
持,持つ,モツ,五段・タ行
持,持てる,モテル,一段
次,次ぐ,ツグ,五段・ガ行
治,治す,ナオス,五段・サ行
治,治せる,ナオセル,一段
治,治まる,オサマル,五段・ラ行
治,治める,オサメル,一段
治,治る,ナオル,五段・ラ行
示,示す,シメス,五段・サ行
示,示せる,シメセル,一段
蒔,蒔く,マク,五段・カ行イ音便
蒔,蒔ける,マケル,一段
辭,辞す,ジス,五段・サ行
辞,辞す,ジス,五段・サ行
辭,辞する,ジス,サ変・−スル
辞,辞する,ジス,サ変・−スル
辭,辞する,ジスル,サ変・−スル
辞,辞する,ジスル,サ変・−スル
辭,辞む,イナム,五段・マ行
辞,辞む,イナム,五段・マ行
辭,辞める,ヤメル,一段
辞,辞める,ヤメル,一段
叱,叱る,シカル,五段・ラ行
叱,叱れる,シカレル,一段
執,執る,トル,五段・ラ行
失,失う,ウシナウ,五段・ワ行促音便
𢩥,失う,ウシナウ,五段・ワ行促音便
失,失す,シッス,五段・サ行
𢩥,失す,シッス,五段・サ行
失,失する,シッス,サ変・−スル
𢩥,失する,シッス,サ変・−スル
失,失する,シッスル,サ変・−スル
𢩥,失する,シッスル,サ変・−スル
失,失せる,ウセル,一段
𢩥,失せる,ウセル,一段
失,失ふ,ウシナフ,四段・ハ行
𢩥,失ふ,ウシナフ,四段・ハ行
嫉,嫉む,ソネム,五段・マ行
濕,湿す,シメス,五段・サ行
湿,湿す,シメス,五段・サ行
濕,湿る,シメル,五段・ラ行
湿,湿る,シメル,五段・ラ行
質,質す,タダス,五段・サ行
質,質せる,タダセル,一段
實,実る,ミノル,五段・ラ行
実,実る,ミノル,五段・ラ行
偲,偲ぶ,シノブ,五段・バ行
偲,偲べる,シノベル,一段
寫,写す,ウツス,五段・サ行
写,写す,ウツス,五段・サ行
寫,写せる,ウツセル,一段
写,写せる,ウツセル,一段
寫,写る,ウツル,五段・ラ行
写,写る,ウツル,五段・ラ行
射,射す,サス,五段・サ行
射,射せる,サセル,一段
射,射つ,ウツ,五段・タ行
射,射る,イル,一段
捨,捨てる,ステル,一段
捨,捨てる,ステル,一段
赦,赦す,ユルス,五段・サ行
煮,煮える,ニエル,一段
煮,煮える,ニエル,一段
煮,煮やす,ニヤス,五段・サ行
煮,煮やす,ニヤス,五段・サ行
煮,煮る,ニル,一段
煮,煮る,ニル,一段
謝,謝する,シャス,サ変・−スル
謝,謝する,シャスル,サ変・−スル
謝,謝る,アヤマル,五段・ラ行
謝,謝れる,アヤマレル,一段
遮,遮る,サエギル,五段・ラ行
遮,遮れる,サエギレル,一段
借,借る,カル,五段・ラ行
借,借れる,カレル,一段
杓,杓う,シャクウ,五段・ワ行促音便
灼,灼く,ヤク,五段・カ行イ音便
酌,酌む,クム,五段・マ行
酌,酌める,クメル,一段
釋,釈く,トク,五段・カ行イ音便
釈,釈く,トク,五段・カ行イ音便
釋,釈ける,トケル,一段
釈,釈ける,トケル,一段
若,若く,シク,五段・カ行イ音便
寂,寂する,ジャクス,サ変・−スル
寂,寂する,ジャクスル,サ変・−スル
寂,寂れる,サビレル,一段
弱,弱まる,ヨワマル,五段・ラ行
弱,弱める,ヨワメル,一段
弱,弱る,ヨワル,五段・ラ行
惹,惹く,ヒク,五段・カ行イ音便
惹,惹ける,ヒケル,一段
取,取る,トル,五段・ラ行
取,取れる,トレル,一段
守,守る,マモル,五段・ラ行
守,守れる,マモレル,一段
狩,狩る,カル,五段・ラ行
腫,腫らす,ハラス,五段・サ行
腫,腫れる,ハレル,一段
受,受かる,ウカル,五段・ラ行
受,受ける,ウケル,一段
呪,呪う,ノロウ,五段・ワ行促音便
呪,呪う,マジナウ,五段・ワ行促音便
壽,寿ぐ,コトホグ,五段・ガ行
寿,寿ぐ,コトホグ,五段・ガ行
授,授かる,サズカル,五段・ラ行
授,授ける,サヅケル,一段
收,収まる,オサマル,五段・ラ行
収,収まる,オサマル,五段・ラ行
收,収める,オサメル,一段
収,収める,オサメル,一段
就,就く,ツク,五段・カ行イ音便
就,就ける,ツケル,一段
修,修する,シュウス,サ変・−スル
修,修する,シュウスル,サ変・−スル
修,修まる,オサマル,五段・ラ行
修,修める,オサメル,一段
愁,愁える,ウレエル,一段
拾,拾う,ヒロウ,五段・ワ行促音便
拾,拾える,ヒロエル,一段
秀,秀でる,ヒイデル,一段
終,終える,オエル,一段
終,終る,オワル,五段・ラ行
終,終わる,オワル,五段・ラ行
終,終える,オエル,一段
終,終わる,オワル,五段・ラ行
習,習う,ナラウ,五段・ワ行促音便
習,習える,ナラエル,一段
習,習わす,ナラワス,五段・サ行
臭,臭う,ニオウ,五段・ワ行促音便
臭,臭う,ニオウ,五段・ワ行促音便
臭,臭わす,ニオワス,五段・サ行
臭,臭わす,ニオワス,五段・サ行
襲,襲う,オソウ,五段・ワ行促音便
蹴,蹴る,ケル,五段・ラ行
集,集う,ツドウ,五段・ワ行促音便
集,集える,ツドエル,一段
集,集まる,アツマル,五段・ラ行
集,集める,アツメル,一段
集,集る,タカル,五段・ラ行
住,住む,スム,五段・マ行
住,住める,スメル,一段
充,充たす,ミタス,五段・サ行
充,充つ,ミツ,五段・タ行
充,充てる,アテル,一段
從,従う,シタガウ,五段・ワ行促音便
従,従う,シタガウ,五段・ワ行促音便
從,従える,シタガエル,一段
従,従える,シタガエル,一段
從,従く,ツク,五段・カ行イ音便
従,従く,ツク,五段・カ行イ音便
澁,渋る,シブル,五段・ラ行
渋,渋る,シブル,五段・ラ行
澀,渋る,シブル,五段・ラ行
重,重なる,カサナル,五段・ラ行
重,重ねる,カサネル,一段
重,重る,オモル,五段・ラ行
宿,宿す,シュクス,五段・サ行
宿,宿す,ヤドス,五段・サ行
宿,宿る,ヤドル,五段・ラ行
宿,宿れる,ヤドレル,一段
祝,祝う,イワウ,五段・ワ行促音便
祝,祝う,イワウ,五段・ワ行促音便
祝,祝える,イワエル,一段
祝,祝える,イワエル,一段
祝,祝す,シュクス,五段・サ行
祝,祝す,シュクス,五段・サ行
祝,祝する,シュクス,サ変・−スル
祝,祝する,シュクス,サ変・−スル
祝,祝する,シュクスル,サ変・−スル
祝,祝する,シュクスル,サ変・−スル
縮,縮まる,チヂマル,五段・ラ行
縮,縮む,チヂム,五段・マ行
縮,縮める,チヂメル,一段
縮,縮らす,チヂラス,五段・サ行
縮,縮れる,チヂレル,一段
塾,塾す,ジュクス,五段・サ行
熟,熟す,ジュクス,五段・サ行
熟,熟する,ジュクス,サ変・−スル
熟,熟する,ジュクスル,サ変・−スル
熟,熟む,ウム,五段・マ行
熟,熟れる,ウレル,一段
熟,熟れる,ナレル,一段
出,出す,ダス,五段・サ行
出,出せる,ダセル,一段
出,出ばる,デバル,五段・ラ行
出,出る,デル,一段
出,出す,ダス,五段・サ行
述,述べる,ノベル,一段
瞬,瞬く,シバタク,五段・カ行イ音便
瞬,瞬く,シバタタク,五段・カ行イ音便
瞬,瞬く,マタタク,五段・カ行イ音便
瞬,瞬く,マバタク,五段・カ行イ音便
瞬,瞬ぐ,マジログ,五段・ガ行
准,准ずる,ジュンズ,サ変・−ズル
准,准ずる,ジュンズル,サ変・−ズル
殉,殉ずる,ジュンズ,サ変・−ズル
殉,殉ずる,ジュンズル,サ変・−ズル
準,準える,ナズラエル,一段
準,準える,ナゾラエル,一段
準,準ずる,ジュンズ,サ変・−ズル
準,準ずる,ジュンズル,サ変・−ズル
潤,潤う,ウルオウ,五段・ワ行促音便
潤,潤す,ウルオス,五段・サ行
潤,潤む,ウルム,五段・マ行
巡,巡らす,メグラス,五段・サ行
巡,巡る,メグル,五段・ラ行
巡,巡れる,メグレル,一段
遵,遵う,シタガウ,五段・ワ行促音便
處,処す,ショス,五段・サ行
処,処す,ショス,五段・サ行
處,処する,ショス,サ変・−スル
処,処する,ショス,サ変・−スル
處,処する,ショスル,サ変・−スル
処,処する,ショスル,サ変・−スル
初,初める,ソメル,一段
署,署する,ショス,サ変・−スル
署,署する,ショス,サ変・−スル
署,署する,ショスル,サ変・−スル
署,署する,ショスル,サ変・−スル
書,書く,カク,五段・カ行イ音便
書,書ける,カケル,一段
書,書する,ショス,サ変・−スル
書,書する,ショスル,サ変・−スル
助,助かる,タスカル,五段・ラ行
助,助く,タスク,下二・カ行
助,助ける,スケル,一段
助,助ける,タスケル,一段
敍,叙する,ジョス,サ変・−スル
叙,叙する,ジョス,サ変・−スル
敍,叙する,ジョスル,サ変・−スル
叙,叙する,ジョスル,サ変・−スル
序,序する,ジョス,サ変・−スル
序,序する,ジョスル,サ変・−スル
恕,恕する,ジョス,サ変・−スル
恕,恕する,ジョスル,サ変・−スル
鋤,鋤く,スク,五段・カ行イ音便
鉏,鋤く,スク,五段・カ行イ音便
除,除く,ノゾク,五段・カ行イ音便
除,除ける,ノケル,一段
除,除ける,ノゾケル,一段
除,除する,ジョス,サ変・−スル
除,除する,ジョスル,サ変・−スル
傷,傷む,イタム,五段・マ行
傷,傷める,イタメル,一段
償,償う,ツグナウ,五段・ワ行促音便
償,償える,ツグナエル,一段
勝,勝つ,カツ,五段・タ行
勝,勝てる,カテル,一段
勝,勝る,マサル,五段・ラ行
勝,勝れる,スグレル,一段
召,召す,メス,五段・サ行
商,商う,アキナウ,五段・ワ行促音便
唱,唱う,ウタウ,五段・ワ行促音便
唱,唱える,トナエル,一段
嘗,嘗める,ナメル,一段
奬,奨める,ススメル,一段
奨,奨める,ススメル,一段
承,承ける,ウケル,一段
承,承る,ウケタマワル,五段・ラ行
抄,抄く,スク,五段・カ行イ音便
招,招く,マネク,五段・カ行イ音便
招,招ずる,ショウズ,サ変・−ズル
招,招ずる,ショウズル,サ変・−ズル
昇,昇る,ノボル,五段・ラ行
昇,昇れる,ノボレル,一段
樵,樵る,コル,五段・ラ行
消,消える,キエル,一段
消,消す,ケス,五段・サ行
消,消せる,ケセル,一段
燒,焼かす,ヤカス,五段・サ行
焼,焼かす,ヤカス,五段・サ行
燒,焼く,ヤク,五段・カ行イ音便
焼,焼く,ヤク,五段・カ行イ音便
燒,焼ける,ヤケル,一段
焼,焼ける,ヤケル,一段
焦,焦がす,コガス,五段・サ行
焦,焦げる,コゲル,一段
焦,焦らす,ジラス,五段・サ行
焦,焦る,アセル,五段・ラ行
焦,焦れる,ジレル,一段
照,照らす,テラス,五段・サ行
照,照る,テル,五段・ラ行
照,照れる,テレル,一段
省,省く,ハブク,五段・カ行イ音便
省,省ける,ハブケル,一段
稱,称える,タタエル,一段
称,称える,タタエル,一段
稱,称える,トナエル,一段
称,称える,トナエル,一段
稱,称す,ショウス,五段・サ行
称,称す,ショウス,五段・サ行
稱,称する,ショウス,サ変・−スル
称,称する,ショウス,サ変・−スル
稱,称する,ショウスル,サ変・−スル
称,称する,ショウスル,サ変・−スル
笑,笑う,ワラウ,五段・ワ行促音便
笑,笑える,ワラエル,一段
笑,笑む,エム,五段・マ行
笑,笑わす,ワラワス,五段・サ行
粧,粧う,ヨソオウ,五段・ワ行促音便
肖,肖る,アヤカル,五段・ラ行
衝,衝く,ツク,五段・カ行イ音便
衝,衝ける,ツケル,一段
證,証す,アカス,五段・サ行
証,証す,アカス,五段・サ行
證,証する,ショウス,サ変・−スル
証,証する,ショウス,サ変・−スル
證,証する,ショウスル,サ変・−スル
証,証する,ショウスル,サ変・−スル
象,象る,カタドル,五段・ラ行
象,象れる,カタドレル,一段
賞,賞する,ショウス,サ変・−スル
賞,賞する,ショウスル,サ変・−スル
障,障む,ツツム,五段・マ行
障,障る,サワル,五段・ラ行
上,上がる,アガル,五段・ラ行
上,上げる,アゲル,一段
上,上ずる,ウワズル,五段・ラ行
上,上せる,ノボセル,一段
上,上る,ノボル,五段・ラ行
上,上れる,ノボレル,一段
上,上げる,アゲル,一段
乘,乗ずる,ジョウズ,サ変・−ズル
乗,乗ずる,ジョウズ,サ変・−ズル
乘,乗ずる,ジョウズル,サ変・−ズル
乗,乗ずる,ジョウズル,サ変・−ズル
乘,乗せる,ノセル,一段
乗,乗せる,ノセル,一段
乘,乗る,ノル,五段・ラ行
乗,乗る,ノル,五段・ラ行
乘,乗れる,ノレル,一段
乗,乗れる,ノレル,一段
剩,剰る,アマル,五段・ラ行
剰,剰る,アマル,五段・ラ行
疊,畳む,タタム,五段・マ行
畳,畳む,タタム,五段・マ行
疉,畳む,タタム,五段・マ行
疊,畳める,タタメル,一段
畳,畳める,タタメル,一段
疉,畳める,タタメル,一段
蒸,蒸かす,フカス,五段・サ行
蒸,蒸ける,フケル,一段
蒸,蒸す,フカス,五段・サ行
蒸,蒸す,ムス,五段・サ行
蒸,蒸せる,ムセル,一段
蒸,蒸らす,ムラス,五段・サ行
蒸,蒸れる,ムレル,一段
讓,譲る,ユズル,五段・ラ行
譲,譲る,ユズル,五段・ラ行
讓,譲れる,ユズレル,一段
譲,譲れる,ユズレル,一段
釀,醸す,カモス,五段・サ行
醸,醸す,カモス,五段・サ行
釀,醸せる,カモセル,一段
醸,醸せる,カモセル,一段
囑,嘱する,ショクス,サ変・−スル
嘱,嘱する,ショクス,サ変・−スル
囑,嘱する,ショクスル,サ変・−スル
嘱,嘱する,ショクスル,サ変・−スル
飾,飾る,カザル,五段・ラ行
飾,飾れる,カザレル,一段
拭,拭う,ヌグウ,五段・ワ行促音便
拭,拭える,ヌグエル,一段
拭,拭く,フク,五段・カ行イ音便
拭,拭ける,フケル,一段
植,植える,ウエル,一段
植,植わる,ウワル,五段・ラ行
殖,殖える,フエル,一段
殖,殖やす,フヤス,五段・サ行
織,織る,オル,五段・ラ行
織,織れる,オレル,一段
觸,触る,サワル,五段・ラ行
触,触る,サワル,五段・ラ行
觸,触れる,フレル,一段
触,触れる,フレル,一段
食,食う,クウ,五段・ワ行ウ音便
食,食う,クウ,五段・ワ行促音便
食,食える,クエル,一段
食,食する,ショクス,サ変・−スル
食,食する,ショクスル,サ変・−スル
食,食べる,タベル,一段
食,食む,ハム,五段・マ行
食,食わす,クワス,五段・サ行
蝕,蝕する,ショクス,サ変・−スル
蝕,蝕する,ショクスル,サ変・−スル
蝕,蝕む,ムシバム,五段・マ行
辱,辱める,ハズカシメル,一段
伸,伸す,ノス,五段・サ行
伸,伸す,ノバス,五段・サ行
伸,伸ばす,ノバス,五段・サ行
伸,伸べる,ノベル,一段
信,信ずる,シンズ,サ変・−ズル
信,信ずる,シンズル,サ変・−ズル
侵,侵す,オカス,五段・サ行
侵,侵せる,オカセル,一段
寢,寝かす,ネカス,五段・サ行
寝,寝かす,ネカス,五段・サ行
寢,寝せる,ネセル,一段
寝,寝せる,ネセル,一段
寢,寝る,ネル,一段
寝,寝る,ネル,一段
心,心する,ココロス,サ変・−スル
心,心する,ココロスル,サ変・−スル
愼,慎む,ツツシム,五段・マ行
慎,慎む,ツツシム,五段・マ行
振,振る,フル,五段・ラ行
振,振れる,フレル,一段
浸,浸かる,ツカル,五段・ラ行
浸,浸ける,ツケル,一段
浸,浸す,ヒタス,五段・サ行
浸,浸る,ヒタル,五段・ラ行
深,深ける,フケル,一段
深,深まる,フカマル,五段・ラ行
深,深める,フカメル,一段
申,申す,モウス,五段・サ行
親,親しむ,シタシム,五段・マ行
親,親しめる,シタシメル,一段
診,診る,ミル,一段
進,進ずる,シンズ,サ変・−ズル
進,進ずる,シンズル,サ変・−ズル
進,進ぜる,シンゼル,一段
進,進む,ススム,五段・マ行
進,進める,ススメル,一段
震,震う,フルウ,五段・ワ行促音便
震,震える,フルエル,一段
震,震る,フル,五段・ラ行
震,震わす,フルワス,五段・サ行
尋,尋ねる,タズネル,一段
盡,尽かす,ツカス,五段・サ行
尽,尽かす,ツカス,五段・サ行
盡,尽す,ツクス,五段・サ行
尽,尽す,ツクス,五段・サ行
訊,訊く,キク,五段・カ行イ音便
訊,訊ねる,タズネル,一段
圖,図る,ハカル,五段・ラ行
図,図る,ハカル,五段・ラ行
圖,図れる,ハカレル,一段
図,図れる,ハカレル,一段
吹,吹かす,フカス,五段・サ行
吹,吹く,フク,五段・カ行イ音便
吹,吹ける,フケル,一段
垂,垂らす,タラス,五段・サ行
垂,垂れる,タレル,一段
推,推す,オス,五段・サ行
推,推する,スイス,サ変・−スル
推,推する,スイスル,サ変・−スル
推,推せる,オセル,一段
推,推める,ススメル,一段
炊,炊く,タク,五段・カ行イ音便
炊,炊ぐ,カシグ,五段・ガ行
炊,炊ける,タケル,一段
睡,睡る,ネムル,五段・ラ行
衰,衰える,オトロエル,一段
遂,遂げる,トゲル,一段
遂,遂せる,オオセル,一段
醉,酔う,ヨウ,五段・ワ行ウ音便
酔,酔う,ヨウ,五段・ワ行ウ音便
醉,酔う,ヨウ,五段・ワ行促音便
酔,酔う,ヨウ,五段・ワ行促音便
醉,酔える,ヨエル,一段
酔,酔える,ヨエル,一段
崇,崇める,アガメル,一段
嵩,嵩ずる,コウズ,サ変・−ズル
嵩,嵩ずる,コウズル,サ変・−ズル
嵩,嵩む,カサム,五段・マ行
數,数える,カゾエル,一段
数,数える,カゾエル,一段
据,据える,スエル,一段
据,据わる,スワル,五段・ラ行
澄,澄ます,スマス,五段・サ行
澄,澄む,スム,五段・マ行
摺,摺る,スル,五段・ラ行
摺,摺れる,スレル,一段
寸,寸たる,スンタル,五段・ラ行
凄,凄む,スゴム,五段・マ行
制,制す,セイス,五段・サ行
制,制する,セイス,サ変・−スル
制,制する,セイスル,サ変・−スル
征,征する,セイス,サ変・−スル
征,征する,セイスル,サ変・−スル
成,成す,ナス,五段・サ行
成,成る,ナル,五段・ラ行
成,成れる,ナレル,一段
整,整う,トトノウ,五段・ワ行促音便
整,整える,トトノエル,一段
晴,晴らす,ハラス,五段・サ行
晴,晴れる,ハレル,一段
棲,棲む,スム,五段・マ行
正,正す,タダス,五段・サ行
正,正せる,タダセル,一段
清,清ます,スマス,五段・サ行
清,清まる,キヨマル,五段・ラ行
清,清める,キヨメル,一段
生,生える,ハエル,一段
生,生かす,イカス,五段・サ行
生,生かる,イカル,五段・ラ行
生,生ける,イケル,一段
生,生す,ナス,五段・サ行
生,生ずる,ショウズ,サ変・−ズル
生,生ずる,ショウズル,サ変・−ズル
生,生む,ウム,五段・マ行
生,生める,ウメル,一段
生,生やす,ハヤス,五段・サ行
生,生らす,ナラス,五段・サ行
生,生る,ナル,五段・ラ行
生,生れる,ウマレル,一段
盛,盛る,モル,五段・ラ行
盛,盛る,モル,五段・ラ行
盛,盛れる,モレル,一段
盛,盛れる,モレル,一段
精,精げる,シラゲル,一段
製,製する,セイス,サ変・−スル
製,製する,セイスル,サ変・−スル
誓,誓う,チカウ,五段・ワ行促音便
請,請う,コウ,五段・ワ行促音便
請,請ける,ウケル,一段
請,請する,ショウス,サ変・−スル
請,請する,ショウスル,サ変・−スル
逝,逝く,イク,五段・カ行促音便
逝,逝く,ユク,五段・カ行イ音便
逝,逝く,ユク,五段・カ行促音便
醒,醒す,サマス,五段・サ行
醒,醒ます,サマス,五段・サ行
醒,醒める,サメル,一段
青,青む,アオム,五段・マ行
靜,静まる,シズマル,五段・ラ行
静,静まる,シズマル,五段・ラ行
靜,静める,シズメル,一段
静,静める,シズメル,一段
惜,惜しむ,オシム,五段・マ行
斥,斥ける,シリゾケル,一段
積,積む,ツム,五段・マ行
積,積める,ツメル,一段
績,績む,ウム,五段・マ行
責,責める,セメル,一段
赤,赤める,アカメル,一段
切,切らす,キラス,五段・サ行
切,切る,キル,五段・ラ行
切,切れる,キレル,一段
切,切る,キル,五段・ラ行
切,切れる,キレル,一段
接,接ぐ,ツグ,五段・ガ行
接,接げる,ツゲル,一段
接,接す,セッス,五段・サ行
接,接する,セッス,サ変・−スル
接,接する,セッスル,サ変・−スル
攝,摂する,セッス,サ変・−スル
摂,摂する,セッス,サ変・−スル
攝,摂する,セッスル,サ変・−スル
摂,摂する,セッスル,サ変・−スル
攝,摂る,トル,五段・ラ行
摂,摂る,トル,五段・ラ行
折,折る,オル,五段・ラ行
折,折れる,オレル,一段
設,設える,シツラエル,一段
設,設ける,モウケル,一段
節,節する,セッス,サ変・−スル
節,節する,セッス,サ変・−スル
節,節する,セッスル,サ変・−スル
節,節する,セッスル,サ変・−スル
説,説く,トク,五段・カ行イ音便
説,説ける,トケル,一段
雪,雪ぐ,ソソグ,五段・ガ行
絶,絶える,タエル,一段
絶,絶する,ゼッス,サ変・−スル
絶,絶する,ゼッスル,サ変・−スル
絶,絶つ,タツ,五段・タ行
絶,絶てる,タテル,一段
絶,絶やす,タヤス,五段・サ行
占,占う,ウラナウ,五段・ワ行促音便
占,占える,ウラナエル,一段
占,占める,シメル,一段
宣,宣う,ノタマウ,五段・ワ行促音便
宣,宣する,センス,サ変・−スル
宣,宣する,センスル,サ変・−スル
宣,宣る,ノル,五段・ラ行
尖,尖らす,トガラス,五段・サ行
尖,尖る,トガル,五段・ラ行
戰,戦う,タタカウ,五段・ワ行促音便
戦,戦う,タタカウ,五段・ワ行促音便
戰,戦える,タタカエル,一段
戦,戦える,タタカエル,一段
戰,戦がす,ソヨガス,五段・サ行
戦,戦がす,ソヨガス,五段・サ行
戰,戦く,オノノク,五段・カ行イ音便
戦,戦く,オノノク,五段・カ行イ音便
戰,戦ぐ,ソヨグ,五段・ガ行
戦,戦ぐ,ソヨグ,五段・ガ行
戰,戦ふ,タタカフ,四段・ハ行
戦,戦ふ,タタカフ,四段・ハ行
扇,扇ぐ,アオグ,五段・ガ行
撰,撰する,センス,サ変・−スル
撰,撰する,センスル,サ変・−スル
撰,撰ぶ,エラブ,五段・バ行
撰,撰べる,エラベル,一段
洗,洗う,アラウ,五段・ワ行促音便
洗,洗える,アラエル,一段
染,染まる,ソマル,五段・ラ行
染,染む,シム,五段・マ行
染,染める,ソメル,一段
染,染る,ソマル,五段・ラ行
潛,潜まる,ヒソマル,五段・ラ行
潜,潜まる,ヒソマル,五段・ラ行
潛,潜む,ヒソム,五段・マ行
潜,潜む,ヒソム,五段・マ行
潛,潜める,ヒソメル,一段
潜,潜める,ヒソメル,一段
潛,潜る,クグル,五段・ラ行
潜,潜る,クグル,五段・ラ行
潛,潜る,モグル,五段・ラ行
潜,潜る,モグル,五段・ラ行
煎,煎る,イル,五段・ラ行
煽,煽ぐ,アオグ,五段・ガ行
煽,煽てる,オダテル,一段
煽,煽る,アオル,五段・ラ行
煽,煽る,アフル,五段・ラ行
穿,穿く,ハク,五段・カ行イ音便
穿,穿つ,ウガツ,五段・タ行
羨,羨む,ウラヤム,五段・マ行
薦,薦める,ススメル,一段
賎,賎しめる,イヤシメル,一段
踐,践む,フム,五段・マ行
践,践む,フム,五段・マ行
選,選ぶ,エラブ,五段・バ行
選,選べる,エラベル,一段
選,選る,ヨル,五段・ラ行
遷,遷す,ウツス,五段・サ行
閃,閃かす,ヒラメカス,五段・サ行
閃,閃く,ヒラメク,五段・カ行イ音便
善,善がる,ヨガル,五段・ラ行
譱,善がる,ヨガル,五段・ラ行
繕,繕う,ツクロウ,五段・ワ行促音便
繕,繕える,ツクロエル,一段
措,措く,オク,五段・カ行イ音便
狙,狙う,ネラウ,五段・ワ行促音便
狙,狙える,ネラエル,一段
疎,疎む,ウトム,五段・マ行
組,組む,クム,五段・マ行
組,組める,クメル,一段
蘇,蘇る,ヨミガエル,五段・ラ行
訴,訴える,ウッタエル,一段
阻,阻む,ハバム,五段・マ行
阻,阻める,ハバメル,一段
遡,遡る,サカノボル,五段・ラ行
遡,遡れる,サカノボレル,一段
創,創る,ツクル,五段・ラ行
創,創れる,ツクレル,一段
叢,叢る,ムラガル,五段・ラ行
喪,喪う,ウシナウ,五段・ワ行促音便
奏,奏す,ソウス,五段・サ行
奏,奏する,ソウス,サ変・−スル
奏,奏する,ソウスル,サ変・−スル
奏,奏でる,カナデル,一段
想,想う,オモウ,五段・ワ行ウ音便
想,想う,オモウ,五段・ワ行促音便
想,想える,オモエル,一段
搜,捜す,サガス,五段・サ行
捜,捜す,サガス,五段・サ行
搜,捜せる,サガセル,一段
捜,捜せる,サガセル,一段
掃,掃く,ハク,五段・カ行イ音便
掃,掃く,ハク,五段・カ行イ音便
掃,掃ける,ハケル,一段
掃,掃ける,ハケル,一段
插,挿す,サス,五段・サ行
挿,挿す,サス,五段・サ行
插,挿せる,サセル,一段
挿,挿せる,サセル,一段
掻,掻く,カク,五段・カ行イ音便
掻,掻ける,カケル,一段
操,操る,アヤツル,五段・ラ行
操,操れる,アヤツレル,一段
早,早まる,ハヤマル,五段・ラ行
早,早める,ハヤメル,一段
漕,漕ぐ,コグ,五段・ガ行
漕,漕げる,コゲル,一段
爭,争う,アラソウ,五段・ワ行促音便
争,争う,アラソウ,五段・ワ行促音便
爭,争える,アラソエル,一段
争,争える,アラソエル,一段
瘦,痩ける,コケル,一段
痩,痩ける,コケル,一段
瘦,痩せる,ヤセル,一段
痩,痩せる,ヤセル,一段
相,相する,ソウス,サ変・−スル
相,相する,ソウスル,サ変・−スル
總,総べる,スベル,一段
総,総べる,スベル,一段
草,草する,ソウス,サ変・−スル
草,草する,ソウスル,サ変・−スル
葬,葬る,ホウムル,五段・ラ行
葬,葬れる,ホウムレル,一段
裝,装う,ヨソウ,五段・ワ行促音便
装,装う,ヨソウ,五段・ワ行促音便
裝,装う,ヨソオウ,五段・ワ行促音便
装,装う,ヨソオウ,五段・ワ行促音便
裝,装える,ヨソオエル,一段
装,装える,ヨソオエル,一段
走,走らす,ハシラス,五段・サ行
𧺆,走らす,ハシラス,五段・サ行
走,走る,ハシル,五段・ラ行
𧺆,走る,ハシル,五段・ラ行
走,走れる,ハシレル,一段
𧺆,走れる,ハシレル,一段
送,送る,オクル,五段・ラ行
送,送れる,オクレル,一段
遭,遭う,アウ,五段・ワ行促音便
騷,騒がす,サワガス,五段・サ行
騒,騒がす,サワガス,五段・サ行
騷,騒ぐ,サワグ,五段・ガ行
騒,騒ぐ,サワグ,五段・ガ行
騷,騒げる,サワゲル,一段
騒,騒げる,サワゲル,一段
增,増える,フエル,一段
増,増える,フエル,一段
增,増さる,マサル,五段・ラ行
増,増さる,マサル,五段・ラ行
增,増す,マス,五段・サ行
増,増す,マス,五段・サ行
增,増せる,マセル,一段
増,増せる,マセル,一段
增,増やす,フヤス,五段・サ行
増,増やす,フヤス,五段・サ行
憎,憎がる,ニクガル,五段・ラ行
憎,憎がる,ニクガル,五段・ラ行
憎,憎む,ニクム,五段・マ行
憎,憎む,ニクム,五段・マ行
憎,憎める,ニクメル,一段
憎,憎める,ニクメル,一段
藏,蔵する,ゾウス,サ変・−スル
蔵,蔵する,ゾウス,サ変・−スル
藏,蔵する,ゾウスル,サ変・−スル
蔵,蔵する,ゾウスル,サ変・−スル
贈,贈る,オクル,五段・ラ行
贈,贈る,オクル,五段・ラ行
贈,贈れる,オクレル,一段
贈,贈れる,オクレル,一段
造,造る,ツクル,五段・ラ行
造,造れる,ツクレル,一段
促,促す,ウナガス,五段・サ行
側,側める,ソバメル,一段
則,則す,ソクス,五段・サ行
則,則する,ソクス,サ変・−スル
則,則する,ソクスル,サ変・−スル
則,則る,ノットル,五段・ラ行
卽,即ける,ツケル,一段
即,即ける,ツケル,一段
卽,即す,ソクス,五段・サ行
即,即す,ソクス,五段・サ行
卽,即する,ソクス,サ変・−スル
即,即する,ソクス,サ変・−スル
卽,即する,ソクスル,サ変・−スル
即,即する,ソクスル,サ変・−スル
息,息む,イキム,五段・マ行
捉,捉える,トラエル,一段
束,束ねる,タバネル,一段
束,束ねる,ツカネル,一段
測,測る,ハカル,五段・ラ行
測,測れる,ハカレル,一段
足,足す,タス,五段・サ行
足,足せる,タセル,一段
足,足る,タル,五段・ラ行
速,速まる,ハヤマル,五段・ラ行
速,速める,ハヤメル,一段
屬,属す,ゾクス,五段・サ行
属,属す,ゾクス,五段・サ行
屬,属する,ゾクス,サ変・−スル
属,属する,ゾクス,サ変・−スル
屬,属する,ゾクスル,サ変・−スル
属,属する,ゾクスル,サ変・−スル
賊,賊する,ゾクス,サ変・−スル
賊,賊する,ゾクスル,サ変・−スル
續,続く,ツヅク,五段・カ行イ音便
続,続く,ツヅク,五段・カ行イ音便
續,続ける,ツヅケル,一段
続,続ける,ツヅケル,一段
續,続く,ツヅク,五段・カ行イ音便
続,続く,ツヅク,五段・カ行イ音便
續,続ける,ツヅケル,一段
続,続ける,ツヅケル,一段
卒,卒する,ソッス,サ変・−スル
䘚,卒する,ソッス,サ変・−スル
卒,卒する,ソッスル,サ変・−スル
䘚,卒する,ソッスル,サ変・−スル
揃,揃う,ソロウ,五段・ワ行促音便
揃,揃える,ソロエル,一段
存,存える,ナガラエル,一段
存,存する,ソンス,サ変・−スル
存,存する,ソンスル,サ変・−スル
存,存ずる,ゾンズ,サ変・−ズル
存,存ずる,ゾンズル,サ変・−ズル
尊,尊ぶ,タットブ,五段・バ行
尊,尊ぶ,トウトブ,五段・バ行
尊,尊べる,タットベル,一段
損,損する,ソンス,サ変・−スル
損,損する,ソンスル,サ変・−スル
損,損ずる,ソンズ,サ変・−ズル
損,損ずる,ソンズル,サ変・−ズル
損,損ねる,ソコネル,一段
遜,遜る,ヘリクダル,五段・ラ行
太,太る,フトル,五段・ラ行
太,太れる,フトレル,一段
墮,堕す,ダス,五段・サ行
堕,堕す,ダス,五段・サ行
墮,堕する,ダス,サ変・−スル
堕,堕する,ダス,サ変・−スル
墮,堕する,ダスル,サ変・−スル
堕,堕する,ダスル,サ変・−スル
打,打つ,ウツ,五段・タ行
打,打つ,ブツ,五段・タ行
打,打てる,ウテル,一段
駄,駄べる,ダベル,五段・ラ行
體,体する,タイス,サ変・−スル
体,体する,タイス,サ変・−スル
體,体する,タイスル,サ変・−スル
体,体する,タイスル,サ変・−スル
對,対す,タイス,五段・サ行
対,対す,タイス,五段・サ行
對,対する,タイス,サ変・−スル
対,対する,タイス,サ変・−スル
對,対する,タイスル,サ変・−スル
対,対する,タイスル,サ変・−スル
耐,耐える,タエル,一段
帶,帯する,タイス,サ変・−スル
帯,帯する,タイス,サ変・−スル
帶,帯する,タイスル,サ変・−スル
帯,帯する,タイスル,サ変・−スル
待,待たす,マタス,五段・サ行
待,待つ,マツ,五段・タ行
待,待てる,マテル,一段
怠,怠ける,ナマケル,一段
怠,怠る,オコタル,五段・ラ行
戴,戴く,イタダク,五段・カ行イ音便
戴,戴ける,イタダケル,一段
替,替える,カエル,一段
替,替る,カワル,五段・ラ行
替,替わる,カワル,五段・ラ行
滯,滞る,トドコオル,五段・ラ行
滞,滞る,トドコオル,五段・ラ行
貸,貸す,カス,五段・サ行
貸,貸せる,カセル,一段
退,退かす,ドカス,五段・サ行
退,退く,シリゾク,五段・カ行イ音便
退,退く,ドク,五段・カ行イ音便
退,退く,ノク,五段・カ行イ音便
退,退ける,シリゾケル,一段
退,退ける,ドケル,一段
退,退ける,ノケル,一段
退,退ける,ヒケル,一段
退,退る,シサル,五段・ラ行
退,退る,スサル,五段・ラ行
代,代える,カエル,一段
代,代る,カワル,五段・ラ行
代,代わる,カワル,五段・ラ行
題,題す,ダイス,五段・サ行
題,題する,ダイス,サ変・−スル
題,題する,ダイスル,サ変・−スル
啄,啄む,ツイバム,五段・マ行
啄,啄める,ツイバメル,一段
托,托す,タクス,五段・サ行
托,托する,タクス,サ変・−スル
托,托する,タクスル,サ変・−スル
擇,択ぶ,エラブ,五段・バ行
択,択ぶ,エラブ,五段・バ行
拓,拓く,ヒラク,五段・カ行イ音便
拓,拓ける,ヒラケル,一段
濯,濯う,アラウ,五段・ワ行促音便
濯,濯ぐ,ススグ,五段・ガ行
濯,濯ぐ,ソソグ,五段・ガ行
濯,濯ぐ,ユスグ,五段・ガ行
濯,濯げる,ソソゲル,一段
託,託ける,カコツケル,一段
託,託ける,コトヅケル,一段
託,託す,タクス,五段・サ行
託,託する,タクス,サ変・−スル
託,託する,タクスル,サ変・−スル
託,託つ,カコツ,五段・タ行
濁,濁す,ニゴス,五段・サ行
濁,濁せる,ニゴセル,一段
濁,濁らす,ニゴラス,五段・サ行
濁,濁る,ニゴル,五段・ラ行
諾,諾う,ウベナウ,五段・ワ行促音便
諾,諾する,ダクス,サ変・−スル
諾,諾する,ダクスル,サ変・−スル
叩,叩く,タタク,五段・カ行イ音便
叩,叩く,ハタク,五段・カ行イ音便
叩,叩ける,ハタケル,一段
達,達す,タッス,五段・サ行
達,達する,タッス,サ変・−スル
達,達する,タッスル,サ変・−スル
奪,奪う,ウバウ,五段・ワ行促音便
奪,奪える,ウバエル,一段
脱,脱がす,ヌガス,五段・サ行
脱,脱ぐ,ヌグ,五段・ガ行
脱,脱げる,ヌゲル,一段
脱,脱す,ダッス,五段・サ行
脱,脱する,ダッス,サ変・−スル
脱,脱する,ダッスル,サ変・−スル
脱,脱せる,ダッセル,一段
辿,辿る,タドル,五段・ラ行
辿,辿れる,タドレル,一段
谷,谷まる,キワマル,五段・ラ行
嘆,嘆く,ナゲク,五段・カ行イ音便
嘆,嘆く,ナゲク,五段・カ行イ音便
嘆,嘆ずる,タンズ,サ変・−ズル
嘆,嘆ずる,タンズ,サ変・−ズル
嘆,嘆ずる,タンズル,サ変・−ズル
嘆,嘆ずる,タンズル,サ変・−ズル
擔,担う,ニナウ,五段・ワ行促音便
担,担う,ニナウ,五段・ワ行促音便
擔,担える,ニナエル,一段
担,担える,ニナエル,一段
擔,担ぐ,カツグ,五段・ガ行
担,担ぐ,カツグ,五段・ガ行
擔,担げる,カツゲル,一段
担,担げる,カツゲル,一段
擔,担わす,ニナワス,五段・サ行
担,担わす,ニナワス,五段・サ行
探,探す,サガス,五段・サ行
探,探せる,サガセル,一段
探,探る,サグル,五段・ラ行
探,探れる,サグレル,一段
歎,歎ずる,タンズ,サ変・−ズル
歎,歎ずる,タンズル,サ変・−ズル
湛,湛える,タタエル,一段
綻,綻ばす,ホコロバス,五段・サ行
綻,綻ぶ,ホコロブ,五段・バ行
耽,耽ける,フケル,一段
耽,耽る,フケル,五段・ラ行
鍛,鍛える,キタエル,一段
彈,弾く,ハジク,五段・カ行イ音便
弾,弾く,ハジク,五段・カ行イ音便
彈,弾く,ヒク,五段・カ行イ音便
弾,弾く,ヒク,五段・カ行イ音便
彈,弾ける,ハジケル,一段
弾,弾ける,ハジケル,一段
彈,弾ける,ヒケル,一段
弾,弾ける,ヒケル,一段
彈,弾ずる,ダンズ,サ変・−ズル
弾,弾ずる,ダンズ,サ変・−ズル
彈,弾ずる,ダンズル,サ変・−ズル
弾,弾ずる,ダンズル,サ変・−ズル
彈,弾む,ハズム,五段・マ行
弾,弾む,ハズム,五段・マ行
斷,断ずる,ダンズ,サ変・−ズル
断,断ずる,ダンズ,サ変・−ズル
𣃔,断ずる,ダンズ,サ変・−ズル
斷,断ずる,ダンズル,サ変・−ズル
断,断ずる,ダンズル,サ変・−ズル
𣃔,断ずる,ダンズル,サ変・−ズル
斷,断つ,タツ,五段・タ行
断,断つ,タツ,五段・タ行
𣃔,断つ,タツ,五段・タ行
斷,断てる,タテル,一段
断,断てる,タテル,一段
𣃔,断てる,タテル,一段
斷,断る,コトワル,五段・ラ行
断,断る,コトワル,五段・ラ行
𣃔,断る,コトワル,五段・ラ行
斷,断れる,コトワレル,一段
断,断れる,コトワレル,一段
𣃔,断れる,コトワレル,一段
斷,断わる,コトワル,五段・ラ行
断,断わる,コトワル,五段・ラ行
𣃔,断わる,コトワル,五段・ラ行
暖,暖まる,アタタマル,五段・ラ行
暖,暖める,アタタメル,一段
談,談ずる,ダンズ,サ変・−ズル
談,談ずる,ダンズル,サ変・−ズル
値,値する,アタイス,サ変・−スル
値,値する,アタイスル,サ変・−スル
知,知らす,シラス,五段・サ行
知,知る,シル,五段・ラ行
知,知れる,シレル,一段
弛,弛む,タルム,五段・マ行
弛,弛める,ユルメル,一段
弛,弛れる,ダレル,一段
恥,恥づ,ハズ,上二・ダ行
恥,恥づ,ハヅ,上二・ダ行
癡,痴れる,シレル,一段
痴,痴れる,シレル,一段
置,置く,オク,五段・カ行イ音便
置,置ける,オケル,一段
致,致す,イタス,五段・サ行
致,致す,イタス,五段・サ行
遲,遅らす,オクラス,五段・サ行
遅,遅らす,オクラス,五段・サ行
遲,遅れる,オクレル,一段
遅,遅れる,オクレル,一段
馳,馳せる,ハセル,一段
築,築く,キズク,五段・カ行イ音便
築,築ける,キヅケル,一段
蓄,蓄える,タクワエル,一段
逐,逐う,オウ,五段・ワ行促音便
着,着く,ツク,五段・カ行イ音便
着,着ける,ツケル,一段
着,着せる,キセル,一段
着,着る,キル,一段
中,中る,アタル,五段・ラ行
注,注ぐ,ソソグ,五段・ガ行
注,注ぐ,ツグ,五段・ガ行
注,注げる,ソソゲル,一段
注,注げる,ツゲル,一段
注,注す,サス,五段・サ行
注,注する,チュウス,サ変・−スル
注,注する,チュウスル,サ変・−スル
註,註する,チュウス,サ変・−スル
註,註する,チュウスル,サ変・−スル
鑄,鋳る,イル,一段
鋳,鋳る,イル,一段
著,著す,アラワス,五段・サ行
著,著す,アラワス,五段・サ行
貯,貯える,タクワエル,一段
貯,貯まる,タマル,五段・ラ行
貯,貯める,タメル,一段
兆,兆す,キザス,五段・サ行
凋,凋む,シボム,五段・マ行
喋,喋る,シャベル,五段・ラ行
喋,喋れる,シャベレル,一段
寵,寵する,チョウス,サ変・−スル
寵,寵する,チョウスル,サ変・−スル
弔,弔う,トムラウ,五段・ワ行促音便
𢎣,弔う,トムラウ,五段・ワ行促音便
弔,弔える,トムラエル,一段
𢎣,弔える,トムラエル,一段
弔,弔する,チョウス,サ変・−スル
𢎣,弔する,チョウス,サ変・−スル
弔,弔する,チョウスル,サ変・−スル
𢎣,弔する,チョウスル,サ変・−スル
張,張る,ハル,五段・ラ行
張,張れる,ハレル,一段
彫,彫る,エル,五段・ラ行
彫,彫る,ホル,五段・ラ行
彫,彫れる,ホレル,一段
徵,徴する,チョウス,サ変・−スル
徴,徴する,チョウス,サ変・−スル
徵,徴する,チョウスル,サ変・−スル
徴,徴する,チョウスル,サ変・−スル
懲,懲らす,コラス,五段・サ行
懲,懲らす,コラス,五段・サ行
挑,挑む,イドム,五段・マ行
挑,挑める,ノゾメル,一段
朝,朝する,チョウス,サ変・−スル
朝,朝する,チョウスル,サ変・−スル
眺,眺める,ナガメル,一段
聽,聴く,キク,五段・カ行イ音便
聴,聴く,キク,五段・カ行イ音便
聽,聴ける,キケル,一段
聴,聴ける,キケル,一段
脹,脹らす,フクラス,五段・サ行
脹,脹れる,フクレル,一段
調,調う,トトノウ,五段・ワ行促音便
調,調える,トトノエル,一段
調,調べる,シラベル,一段
超,超える,コエル,一段
超,超す,コス,五段・サ行
超,超せる,コセル,一段
跳,跳ねる,ハネル,一段
跳,跳ぶ,トブ,五段・バ行
跳,跳べる,トベル,一段
長,長ける,タケル,一段
長,長ずる,チョウズ,サ変・−ズル
長,長ずる,チョウズル,サ変・−ズル
頂,頂く,イタダク,五段・カ行イ音便
頂,頂ける,イタダケル,一段
頂,頂く,イタダク,五段・カ行イ音便
捗,捗る,ハカドル,五段・ラ行
直,直す,ナオス,五段・サ行
直,直せる,ナオセル,一段
直,直る,ナオル,五段・ラ行
直,直す,ナオス,五段・サ行
沈,沈む,シズム,五段・マ行
沈,沈める,シズメル,一段
鎭,鎮まる,シズマル,五段・ラ行
鎮,鎮まる,シズマル,五段・ラ行
鎭,鎮める,シズメル,一段
鎮,鎮める,シズメル,一段
陳,陳ずる,チンズ,サ変・−ズル
陳,陳ずる,チンズル,サ変・−ズル
陳,陳ぶ,ナラブ,五段・バ行
陳,陳べる,ノベル,一段
追,追う,オウ,五段・ワ行促音便
追,追える,オエル,一段
痛,痛む,イタム,五段・マ行
痛,痛める,イタメル,一段
通,通う,カヨウ,五段・ワ行促音便
通,通える,カヨエル,一段
通,通がる,ツウガル,五段・ラ行
通,通す,トオス,五段・サ行
通,通ずる,ツウズ,サ変・−ズル
通,通ずる,ツウズル,サ変・−ズル
通,通せる,トオセル,一段
通,通ぶる,ツウブル,五段・ラ行
通,通る,トオル,五段・ラ行
通,通れる,トオレル,一段
通,通わす,カヨワス,五段・サ行
掴,掴まる,ツカマル,五段・ラ行
掴,掴む,ツカム,五段・マ行
掴,掴める,ツカメル,一段
漬,漬かる,ツカル,五段・ラ行
漬,漬ける,ツケル,一段
綴,綴る,ツヅル,五段・ラ行
綴,綴れる,ツヅレル,一段
潰,潰える,ツイエル,一段
潰,潰す,ツブス,五段・サ行
潰,潰せる,ツブセル,一段
潰,潰れる,ツブレル,一段
吊,吊す,ツルス,五段・サ行
吊,吊せる,ツルセル,一段
吊,吊る,ツル,五段・ラ行
吊,吊れる,ツレル,一段
釣,釣る,ツル,五段・ラ行
釣,釣れる,ツレル,一段
低,低まる,ヒクマル,五段・ラ行
低,低める,ヒクメル,一段
停,停める,トメル,一段
停,停る,トマル,五段・ラ行
剃,剃る,スル,五段・ラ行
剃,剃る,ソル,五段・ラ行
呈,呈す,テイス,五段・サ行
呈,呈する,テイス,サ変・−スル
呈,呈する,テイスル,サ変・−スル
定,定まる,サダマル,五段・ラ行
定,定める,サダメル,一段
挺,挺する,テイス,サ変・−スル
挺,挺する,テイスル,サ変・−スル
提,提げる,サゲル,一段
提,提げる,ヒッサゲル,一段
締,締まる,シマル,五段・ラ行
締,締める,シメル,一段
諦,諦める,アキラメル,一段
泥,泥む,ナズム,五段・マ行
摘,摘む,ツマム,五段・マ行
摘,摘む,ツム,五段・マ行
摘,摘める,ツマメル,一段
摘,摘める,ツメル,一段
敵,敵す,テキス,五段・サ行
敵,敵する,テキス,サ変・−スル
敵,敵する,テキスル,サ変・−スル
滴,滴らす,シタタラス,五段・サ行
滴,滴る,シタタル,五段・ラ行
適,適う,カナウ,五段・ワ行促音便
適,適える,カナエル,一段
適,適す,テキス,五段・サ行
適,適する,テキス,サ変・−スル
適,適する,テキスル,サ変・−スル
溺,溺らす,オボラス,五段・サ行
溺,溺れる,オボレル,一段
徹,徹す,テッス,五段・サ行
徹,徹す,トオス,五段・サ行
徹,徹する,テッス,サ変・−スル
徹,徹する,テッスル,サ変・−スル
徹,徹る,トオル,五段・ラ行
撤,撤する,テッス,サ変・−スル
撤,撤する,テッスル,サ変・−スル
填,填める,ハメル,一段
填,填る,ハマル,五段・ラ行
添,添う,ソウ,五段・ワ行促音便
添,添える,ソエル,一段
添,添わる,ソワル,五段・ラ行
纏,纏う,マトウ,五段・ワ行促音便
纏,纏える,マトエル,一段
纏,纏まる,マトマル,五段・ラ行
纏,纏める,マトメル,一段
纏,纏わる,マツワル,五段・ラ行
甜,甜める,ナメル,一段
貼,貼る,ハル,五段・ラ行
貼,貼れる,ハレル,一段
轉,転がす,コロガス,五段・サ行
転,転がす,コロガス,五段・サ行
轉,転がる,コロガル,五段・ラ行
転,転がる,コロガル,五段・ラ行
轉,転ける,コケル,一段
転,転ける,コケル,一段
轉,転げる,コロゲル,一段
転,転げる,コロゲル,一段
轉,転ずる,テンズ,サ変・−ズル
転,転ずる,テンズ,サ変・−ズル
轉,転ずる,テンズル,サ変・−ズル
転,転ずる,テンズル,サ変・−ズル
轉,転ばす,コロバス,五段・サ行
転,転ばす,コロバス,五段・サ行
轉,転ぶ,コロブ,五段・バ行
転,転ぶ,コロブ,五段・バ行
轉,転べる,コロベル,一段
転,転べる,コロベル,一段
點,点く,ツク,五段・カ行イ音便
点,点く,ツク,五段・カ行イ音便
點,点す,サス,五段・サ行
点,点す,サス,五段・サ行
點,点す,トモス,五段・サ行
点,点す,トモス,五段・サ行
點,点ずる,テンズ,サ変・−ズル
点,点ずる,テンズ,サ変・−ズル
點,点ずる,テンズル,サ変・−ズル
点,点ずる,テンズル,サ変・−ズル
點,点てる,タテル,一段
点,点てる,タテル,一段
點,点る,トモル,五段・ラ行
点,点る,トモル,五段・ラ行
傳,伝う,ツタウ,五段・ワ行促音便
伝,伝う,ツタウ,五段・ワ行促音便
傳,伝える,ツタエル,一段
伝,伝える,ツタエル,一段
傳,伝へる,ツタヘル,一段
伝,伝へる,ツタヘル,一段
傳,伝わる,ツタワル,五段・ラ行
伝,伝わる,ツタワル,五段・ラ行
澱,澱む,ヨドム,五段・マ行
吐,吐かす,ヌカス,五段・サ行
吐,吐く,ハク,五段・カ行イ音便
吐,吐ける,ハケル,一段
塗,塗る,ヌル,五段・ラ行
塗,塗れる,ヌレル,一段
塗,塗れる,マミレル,一段
妬,妬く,ヤク,五段・カ行イ音便
妬,妬ける,ヤケル,一段
妬,妬む,ネタム,五段・マ行
屠,屠る,ホフル,五段・ラ行
渡,渡す,ワタス,五段・サ行
渡,渡せる,ワタセル,一段
渡,渡る,ワタル,五段・ラ行
渡,渡れる,ワタレル,一段
登,登る,ノボル,五段・ラ行
登,登れる,ノボレル,一段
賭,賭ける,カケル,一段
賭,賭す,トス,五段・サ行
賭,賭する,トス,サ変・−スル
賭,賭する,トスル,サ変・−スル
努,努まる,ツトマル,五段・ラ行
努,努める,ツトメル,一段
怒,怒らす,イカラス,五段・サ行
怒,怒る,イカル,五段・ラ行
怒,怒る,オコル,五段・ラ行
怒,怒れる,オコレル,一段
倒,倒す,タオス,五段・サ行
倒,倒せる,タオセル,一段
倒,倒れる,タオレル,一段
凍,凍える,コゴエル,一段
凍,凍てる,イテル,一段
凍,凍む,シム,五段・マ行
凍,凍る,コオル,五段・ラ行
悼,悼む,イタム,五段・マ行
投,投げる,ナゲル,一段
投,投ずる,トウズ,サ変・−ズル
投,投ずる,トウズル,サ変・−ズル
盜,盗む,ヌスム,五段・マ行
盗,盗む,ヌスム,五段・マ行
盜,盗める,ヌスメル,一段
盗,盗める,ヌスメル,一段
盜,盗る,トル,五段・ラ行
盗,盗る,トル,五段・ラ行
燈,灯す,トモス,五段・サ行
灯,灯す,トモス,五段・サ行
燈,灯る,トモル,五段・ラ行
灯,灯る,トモル,五段・ラ行
當,当たる,アタル,五段・ラ行
当,当たる,アタル,五段・ラ行
當,当てる,アテル,一段
当,当てる,アテル,一段
當,当る,アタル,五段・ラ行
当,当る,アタル,五段・ラ行
禱,祷る,イノル,五段・ラ行
祷,祷る,イノル,五段・ラ行
禱,祷れる,イノレル,一段
祷,祷れる,イノレル,一段
答,答える,コタエル,一段
統,統べる,スベル,一段
到,到る,イタル,五段・ラ行
到,到れる,イタレル,一段
蕩,蕩かす,トロカス,五段・サ行
蕩,蕩ける,トロケル,一段
討,討つ,ウツ,五段・タ行
討,討てる,ウテル,一段
踏,踏む,フム,五段・マ行
蹋,踏む,フム,五段・マ行
踏,踏める,フメル,一段
蹋,踏める,フメル,一段
逃,逃がす,ニガス,五段・サ行
逃,逃げる,ニゲル,一段
逃,逃す,ニガス,五段・サ行
逃,逃す,ノガス,五段・サ行
逃,逃せる,ノガセル,一段
逃,逃れる,ノガレル,一段
透,透かす,スカス,五段・サ行
透,透く,スク,五段・カ行イ音便
透,透ける,スケル,一段
透,透す,トオス,五段・サ行
透,透る,トオル,五段・ラ行
騰,騰がる,アガル,五段・ラ行
騰,騰る,アガル,五段・ラ行
鬭,闘う,タタカウ,五段・ワ行促音便
闘,闘う,タタカウ,五段・ワ行促音便
鬭,闘える,タタカエル,一段
闘,闘える,タタカエル,一段
働,働かす,ハタラカス,五段・サ行
働,働く,ハタラク,五段・カ行イ音便
働,働ける,ハタラケル,一段
動,動かす,ウゴカス,五段・サ行
動,動く,ウゴク,五段・カ行イ音便
動,動ける,ウゴケル,一段
動,動ずる,ドウズ,サ変・−ズル
動,動ずる,ドウズル,サ変・−ズル
同,同ずる,ドウズ,サ変・−ズル
同,同ずる,ドウズル,サ変・−ズル
導󠄃,導く,ミチビク,五段・カ行イ音便
導,導く,ミチビク,五段・カ行イ音便
導󠄃,導ける,ミチビケル,一段
導,導ける,ミチビケル,一段
憧,憧れる,アコガレル,一段
撞,撞く,ツク,五段・カ行イ音便
道,道ける,ドウケル,一段
匿,匿う,カクマウ,五段・ワ行促音便
得,得,ウ,下二・得
得,得する,トクス,サ変・−スル
得,得する,トクスル,サ変・−スル
得,得る,ウル,一段・得ル
得,得る,エル,一段
得,得る,ウル,一段・得ル
得,得る,エル,一段
督,督する,トクス,サ変・−スル
督,督する,トクスル,サ変・−スル
禿,禿げる,ハゲル,一段
毒,毒する,ドクス,サ変・−スル
毒,毒する,ドクスル,サ変・−スル
讀,読む,ヨム,五段・マ行
読,読む,ヨム,五段・マ行
讀,読める,ヨメル,一段
読,読める,ヨメル,一段
突,突く,ツク,五段・カ行イ音便
突,突く,ツク,五段・カ行イ音便
突,突ける,ツケル,一段
突,突ける,ツケル,一段
屆,届く,トドク,五段・カ行イ音便
届,届く,トドク,五段・カ行イ音便
屆,届ける,トドケル,一段
届,届ける,トドケル,一段
屯,屯する,タムロス,サ変・−スル
屯,屯する,タムロスル,サ変・−スル
呑,呑む,ノム,五段・マ行
呑,呑める,ノメル,一段
曇,曇らす,クモラス,五段・サ行
曇,曇る,クモル,五段・ラ行
鈍,鈍する,ドンス,サ変・−スル
鈍,鈍する,ドンスル,サ変・−スル
鈍,鈍る,ナマル,五段・ラ行
鈍,鈍る,ニブル,五段・ラ行
凪,凪ぐ,ナグ,五段・ガ行
薙,薙ぐ,ナグ,五段・ガ行
捺,捺す,オス,五段・サ行
馴,馴す,ナラス,五段・サ行
馴,馴らす,ナラス,五段・サ行
馴,馴れる,ナレル,一段
難,難ずる,ナンズ,サ変・−ズル
難,難ずる,ナンズ,サ変・−ズル
難,難ずる,ナンズル,サ変・−ズル
難,難ずる,ナンズル,サ変・−ズル
匂,匂う,ニオウ,五段・ワ行促音便
匂,匂わす,ニオワス,五段・サ行
賑,賑わす,ニギワス,五段・サ行
入,入る,イル,五段・ラ行
入,入る,ハイル,五段・ラ行
入,入れる,イレル,一段
入,入れる,ハイレル,一段
如,如く,シク,五段・カ行イ音便
任,任す,マカス,五段・サ行
任,任せる,マカセル,一段
忍,忍ばす,シノバス,五段・サ行
忍,忍ぶ,シノブ,五段・バ行
忍,忍べる,シノベル,一段
認,認める,シタタメル,一段
認,認める,ミトメル,一段
濡,濡らす,ヌラス,五段・サ行
濡,濡れる,ヌレル,一段
熱,熱す,ネッス,五段・サ行
熱,熱る,ホテル,五段・ラ行
念,念ずる,ネンズ,サ変・−ズル
念,念ずる,ネンズル,サ変・−ズル
捻,捻る,ネジル,五段・ラ行
捻,捻る,ヒネル,五段・ラ行
捻,捻れる,ネジレル,一段
捻,捻れる,ヒネレル,一段
撚,撚る,ヨル,五段・ラ行
燃,燃える,モエル,一段
燃,燃す,モス,五段・サ行
燃,燃やす,モヤス,五段・サ行
粘,粘る,ネバル,五段・ラ行
惱,悩ます,ナヤマス,五段・サ行
悩,悩ます,ナヤマス,五段・サ行
惱,悩む,ナヤム,五段・マ行
悩,悩む,ナヤム,五段・マ行
納,納まる,オサマル,五段・ラ行
納,納める,オサメル,一段
能,能う,アタウ,五段・ワ行促音便
膿,膿む,ウム,五段・マ行
覗,覗く,ノゾク,五段・カ行イ音便
覗,覗ける,ノゾケル,一段
播,播く,マク,五段・カ行イ音便
派,派する,ハス,サ変・−スル
派,派する,ハスル,サ変・−スル
破,破く,ヤブク,五段・カ行イ音便
破,破ける,ヤブケル,一段
破,破る,ヤブル,五段・ラ行
破,破れる,ヤブレル,一段
破,破れる,ワレル,一段
罵,罵る,ノノシル,五段・ラ行
廢,廃する,ハイス,サ変・−スル
廃,廃する,ハイス,サ変・−スル
廢,廃する,ハイスル,サ変・−スル
廃,廃する,ハイスル,サ変・−スル
廢,廃る,スタル,五段・ラ行
廃,廃る,スタル,五段・ラ行
廢,廃れる,スタレル,一段
廃,廃れる,スタレル,一段
拜,拝する,ハイス,サ変・−スル
拝,拝する,ハイス,サ変・−スル
拜,拝する,ハイスル,サ変・−スル
拝,拝する,ハイスル,サ変・−スル
拜,拝む,オガム,五段・マ行
拝,拝む,オガム,五段・マ行
拜,拝める,オガメル,一段
拝,拝める,オガメル,一段
排,排す,ハイス,五段・サ行
排,排する,ハイス,サ変・−スル
排,排する,ハイスル,サ変・−スル
敗,敗ける,マケル,一段
敗,敗れる,ヤブレル,一段
背,背く,ソムク,五段・カ行イ音便
背,背ける,ソムケル,一段
配,配す,ハイス,五段・サ行
配,配する,ハイス,サ変・−スル
配,配する,ハイスル,サ変・−スル
配,配る,クバル,五段・ラ行
配,配れる,クバレル,一段
倍,倍する,バイス,サ変・−スル
倍,倍する,バイスル,サ変・−スル
培,培う,ツチカウ,五段・ワ行促音便
培,培える,ツチカエル,一段
煤,煤ける,ススケル,一段
買,買う,カウ,五段・ワ行促音便
買,買える,カエル,一段
買,買わす,カワス,五段・サ行
賣,売る,ウル,五段・ラ行
売,売る,ウル,五段・ラ行
賣,売れる,ウレル,一段
売,売れる,ウレル,一段
這,這う,ハウ,五段・ワ行促音便
這,這える,ハエル,一段
矧,矧ぐ,ハグ,五段・ガ行
矧,矧げる,ハゲル,一段
剥,剥がす,ハガス,五段・サ行
剥,剥がす,ヘガス,五段・サ行
剥,剥く,ムク,五段・カ行イ音便
剥,剥ぐ,ハグ,五段・ガ行
剥,剥ける,ムケル,一段
剥,剥げる,ハゲル,一段
剥,剥す,ハガス,五段・サ行
剥,剥せる,ハガセル,一段
博,博す,ハクス,五段・サ行
博,博する,ハクス,サ変・−スル
博,博する,ハクスル,サ変・−スル
泊,泊まる,トマル,五段・ラ行
泊,泊める,トメル,一段
泊,泊る,トマル,五段・ラ行
白,白ける,シラケル,一段
白,白む,シラム,五段・マ行
薄,薄まる,ウスマル,五段・ラ行
薄,薄める,ウスメル,一段
薄,薄れる,ウスレル,一段
迫,迫る,セマル,五段・ラ行
迫,迫れる,セマレル,一段
曝,曝す,サラス,五段・サ行
曝,曝せる,サラセル,一段
爆,爆ぜる,ハゼル,一段
縛,縛する,バクス,サ変・−スル
縛,縛する,バクスル,サ変・−スル
縛,縛める,イマシメル,一段
縛,縛る,シバル,五段・ラ行
縛,縛れる,シバレル,一段
駁,駁する,バクス,サ変・−スル
駁,駁する,バクスル,サ変・−スル
發,発く,アバク,五段・カ行イ音便
発,発く,アバク,五段・カ行イ音便
發,発す,ハッス,五段・サ行
発,発す,ハッス,五段・サ行
發,発する,ハッス,サ変・−スル
発,発する,ハッス,サ変・−スル
發,発する,ハッスル,サ変・−スル
発,発する,ハッスル,サ変・−スル
發,発つ,タツ,五段・タ行
発,発つ,タツ,五段・タ行
伐,伐つ,ウツ,五段・タ行
伐,伐る,キル,五段・ラ行
罰,罰す,バッス,五段・サ行
罰,罰する,バッス,サ変・−スル
罰,罰する,バッスル,サ変・−スル
拔,抜かす,ヌカス,五段・サ行
抜,抜かす,ヌカス,五段・サ行
拔,抜かる,ヌカル,五段・ラ行
抜,抜かる,ヌカル,五段・ラ行
拔,抜く,ヌク,五段・カ行イ音便
抜,抜く,ヌク,五段・カ行イ音便
拔,抜ける,ヌケル,一段
抜,抜ける,ヌケル,一段
拔,抜く,ヌク,五段・カ行イ音便
抜,抜く,ヌク,五段・カ行イ音便
伴,伴う,トモナウ,五段・ワ行促音便
伴,伴える,トモナエル,一段
判,判ずる,ハンズ,サ変・−ズル
判,判ずる,ハンズル,サ変・−ズル
判,判る,ワカル,五段・ラ行
反,反す,ハンス,五段・サ行
反,反する,ハンス,サ変・−スル
反,反する,ハンスル,サ変・−スル
反,反らす,ソラス,五段・サ行
反,反る,ソル,五段・ラ行
反,反れる,ソレル,一段
犯,犯す,オカス,五段・サ行
犯,犯せる,オカセル,一段
繁,繁る,シゲル,五段・ラ行
繁,繁る,シゲル,五段・ラ行
煩,煩う,ワズラウ,五段・ワ行促音便
煩,煩わす,ワズラワス,五段・サ行
挽,挽く,ヒク,五段・カ行イ音便
番,番える,ツガエル,一段
卑,卑しめる,イヤシメル,一段
卑,卑しめる,イヤシメル,一段
否,否む,イナム,五段・マ行
否,否める,イナメル,一段
庇,庇う,カバウ,五段・ワ行促音便
悲,悲しむ,カナシム,五段・マ行
比,比える,タグエル,一段
比,比す,ヒス,五段・サ行
比,比する,ヒス,サ変・−スル
比,比する,ヒスル,サ変・−スル
比,比べる,クラベル,一段
疲,疲らす,ツカラス,五段・サ行
疲,疲れる,ツカレル,一段
祕,秘す,ヒス,五段・サ行
秘,秘す,ヒス,五段・サ行
祕,秘する,ヒス,サ変・−スル
秘,秘する,ヒス,サ変・−スル
祕,秘する,ヒスル,サ変・−スル
秘,秘する,ヒスル,サ変・−スル
祕,秘める,ヒメル,一段
秘,秘める,ヒメル,一段
罷,罷める,ヤメル,一段
罷,罷る,マカル,五段・ラ行
肥,肥える,コエル,一段
肥,肥す,コヤス,五段・サ行
肥,肥やす,コヤス,五段・サ行
肥,肥る,フトル,五段・ラ行
肥,肥れる,フトレル,一段
被,被う,オオウ,五段・ワ行促音便
被,被える,オオエル,一段
被,被ける,カヅケル,一段
被,被さる,カブサル,五段・ラ行
被,被せる,カブセル,一段
被,被る,カブル,五段・ラ行
被,被る,コウムル,五段・ラ行
被,被れる,カブレル,一段
誹,誹る,ソシル,五段・ラ行
費,費える,ツイエル,一段
費,費す,ツイヤス,五段・サ行
費,費やす,ツイヤス,五段・サ行
避,避ける,サケル,一段
飛,飛ばす,トバス,五段・サ行
飛,飛ぶ,トブ,五段・バ行
飛,飛べる,トベル,一段
簸,簸る,ヒル,一段
備,備える,ソナエル,一段
備,備わる,ソナワル,五段・ラ行
標,標す,シルス,五段・サ行
氷,氷る,コオル,五段・ラ行
冰,氷る,コオル,五段・ラ行
漂,漂う,タダヨウ,五段・ワ行促音便
漂,漂わす,タダヨワス,五段・サ行
表,表す,アラワス,五段・サ行
表,表する,ヒョウス,サ変・−スル
表,表する,ヒョウスル,サ変・−スル
表,表せる,アラワセル,一段
表,表れる,アラワレル,一段
表,表わす,アラワス,五段・サ行
評,評す,ヒョウス,五段・サ行
評,評する,ヒョウス,サ変・−スル
評,評する,ヒョウスル,サ変・−スル
描,描く,エガク,五段・カ行イ音便
描,描く,カク,五段・カ行イ音便
描,描ける,エガケル,一段
病,病む,ヤム,五段・マ行
病,病める,ヤメル,一段
瀕,瀕する,ヒンス,サ変・−スル
瀕,瀕する,ヒンスル,サ変・−スル
貧,貧する,ヒンス,サ変・−スル
貧,貧する,ヒンスル,サ変・−スル
頻,頻る,シキル,五段・ラ行
頻,頻る,シキル,五段・ラ行
付,付く,ツク,五段・カ行イ音便
付,付ける,ツケル,一段
付,付す,フス,五段・サ行
付,付する,フス,サ変・−スル
付,付する,フスル,サ変・−スル
富,富む,トム,五段・マ行
富,富める,トメル,一段
布,布く,シク,五段・カ行イ音便
怖,怖がる,コワガル,五段・ラ行
敷,敷く,シク,五段・カ行イ音便
敷,敷ける,シケル,一段
浮,浮かす,ウカス,五段・サ行
浮,浮く,ウク,五段・カ行イ音便
浮,浮ぶ,ウカブ,五段・バ行
浮,浮べる,ウカベル,一段
腐,腐す,クサス,五段・サ行
腐,腐らす,クサラス,五段・サ行
腐,腐る,クサル,五段・ラ行
腐,腐れる,クサレル,一段
負,負う,オウ,五段・ワ行ウ音便
負,負う,オウ,五段・ワ行促音便
負,負える,オエル,一段
負,負かす,マカス,五段・サ行
負,負かる,マカル,五段・ラ行
負,負ける,マケル,一段
負,負わす,オワス,五段・サ行
賦,賦する,フス,サ変・−スル
賦,賦する,フスル,サ変・−スル
赴,赴く,オモムク,五段・カ行イ音便
附,附く,ツク,五段・カ行イ音便
附,附ける,ツケル,一段
附,附す,フス,五段・サ行
附,附する,フス,サ変・−スル
附,附する,フスル,サ変・−スル
侮,侮る,アナドル,五段・ラ行
侮,侮る,アナドル,五段・ラ行
侮,侮れる,アナドレル,一段
侮,侮れる,アナドレル,一段
撫,撫す,ブス,五段・サ行
撫,撫ぜる,ナゼル,一段
撫,撫でる,ナデル,一段
武,武ばる,ブバル,五段・ラ行
舞,舞う,マウ,五段・ワ行促音便
舞,舞える,マエル,一段
封,封ずる,フウズ,サ変・−ズル
封,封ずる,フウズル,サ変・−ズル
葺,葺く,フク,五段・カ行イ音便
伏,伏す,フス,五段・サ行
伏,伏せる,フセル,一段
伏,伏せる,フセル,五段・ラ行
副,副える,ソエル,一段
復,復す,フクス,五段・サ行
復,復する,フクス,サ変・−スル
復,復する,フクスル,サ変・−スル
服,服す,フクス,五段・サ行
服,服する,フクス,サ変・−スル
服,服する,フクスル,サ変・−スル
服,服せる,フクセル,一段
覆,覆う,オオウ,五段・ワ行促音便
覆,覆える,オオエル,一段
覆,覆す,クツガエス,五段・サ行
覆,覆せる,クツガエセル,一段
覆,覆る,クツガエル,五段・ラ行
拂,払う,ハラウ,五段・ワ行促音便
払,払う,ハラウ,五段・ワ行促音便
拂,払える,ハラエル,一段
払,払える,ハラエル,一段
拂,払わす,ハラワス,五段・サ行
払,払わす,ハラワス,五段・サ行
沸,沸かす,ワカス,五段・サ行
沸,沸く,ワク,五段・カ行イ音便
分,分かる,ワカル,五段・ラ行
分,分ける,ワケル,一段
分,分つ,ワカツ,五段・タ行
分,分る,ワカル,五段・ラ行
噴,噴く,フク,五段・カ行イ音便
噴,噴ける,ハケル,一段
憤,憤る,イキドオル,五段・ラ行
憤,憤る,イキドオル,五段・ラ行
扮,扮する,フンス,サ変・−スル
扮,扮する,フンスル,サ変・−スル
焚,焚く,タク,五段・カ行イ音便
焚,焚ける,タケル,一段
奮,奮う,フルウ,五段・ワ行促音便
紛,紛う,マガウ,五段・ワ行促音便
紛,紛える,マガエル,一段
紛,紛らす,マギラス,五段・サ行
紛,紛れる,マギレル,一段
聞,聞える,キコエル,一段
聞,聞かす,キカス,五段・サ行
聞,聞く,キク,五段・カ行イ音便
聞,聞ける,キケル,一段
聞,聞す,キコス,五段・サ行
倂,併せる,アワセル,一段
併,併せる,アワセル,一段
平,平める,ヒラメル,一段
竝,並ぶ,ナラブ,五段・バ行
並,並ぶ,ナラブ,五段・バ行
竝,並べる,ナラベル,一段
並,並べる,ナラベル,一段
蔽,蔽う,オオウ,五段・ワ行促音便
閉,閉ざす,トザス,五段・サ行
閉,閉す,トザス,五段・サ行
閉,閉まる,シマル,五段・ラ行
閉,閉める,シメル,一段
僻,僻する,ヘキス,サ変・−スル
僻,僻する,ヘキスル,サ変・−スル
僻,僻む,ヒガム,五段・マ行
別,別ける,ワケル,一段
𠛰,別ける,ワケル,一段
別,別れる,ワカレル,一段
𠛰,別れる,ワカレル,一段
蔑,蔑する,ナミス,サ変・−スル
蔑,蔑する,ナミスル,サ変・−スル
蔑,蔑む,サゲスム,五段・マ行
偏,偏する,ヘンス,サ変・−スル
偏,偏する,ヘンスル,サ変・−スル
偏,偏る,カタヨル,五段・ラ行
變,変える,カエル,一段
変,変える,カエル,一段
變,変ずる,ヘンズ,サ変・−ズル
変,変ずる,ヘンズ,サ変・−ズル
變,変ずる,ヘンズル,サ変・−ズル
変,変ずる,ヘンズル,サ変・−ズル
變,変る,カワル,五段・ラ行
変,変る,カワル,五段・ラ行
變,変わる,カワル,五段・ラ行
変,変わる,カワル,五段・ラ行
片,片す,カタス,五段・サ行
編,編む,アム,五段・マ行
編,編める,アメル,一段
返,返す,カエス,五段・サ行
返,返せる,カエセル,一段
返,返る,カエル,五段・ラ行
便,便する,ベンス,サ変・−スル
便,便する,ベンスル,サ変・−スル
便,便ずる,ベンズ,サ変・−ズル
便,便ずる,ベンズル,サ変・−ズル
便,便る,タヨル,五段・ラ行
勉,勉める,ツトメル,一段
勉,勉める,ツトメル,一段
辯,弁える,ワキマエル,一段
弁,弁える,ワキマエル,一段
瓣,弁える,ワキマエル,一段
弁,弁える,ワキマエル,一段
辨,弁える,ワキマエル,一段
弁,弁える,ワキマエル,一段
辯,弁ずる,ベンズ,サ変・−ズル
弁,弁ずる,ベンズ,サ変・−ズル
瓣,弁ずる,ベンズ,サ変・−ズル
弁,弁ずる,ベンズ,サ変・−ズル
辨,弁ずる,ベンズ,サ変・−ズル
弁,弁ずる,ベンズ,サ変・−ズル
辯,弁ずる,ベンズル,サ変・−ズル
弁,弁ずる,ベンズル,サ変・−ズル
瓣,弁ずる,ベンズル,サ変・−ズル
弁,弁ずる,ベンズル,サ変・−ズル
辨,弁ずる,ベンズル,サ変・−ズル
弁,弁ずる,ベンズル,サ変・−ズル
保,保する,ホス,サ変・−スル
保,保する,ホスル,サ変・−スル
保,保つ,タモツ,五段・タ行
保,保てる,タモテル,一段
捕,捕える,トラエル,一段
捕,捕まる,ツカマル,五段・ラ行
捕,捕る,トル,五段・ラ行
捕,捕れる,トレル,一段
步,歩く,アルク,五段・カ行イ音便
歩,歩く,アルク,五段・カ行イ音便
步,歩ける,アルケル,一段
歩,歩ける,アルケル,一段
步,歩ます,アユマス,五段・サ行
歩,歩ます,アユマス,五段・サ行
步,歩む,アユム,五段・マ行
歩,歩む,アユム,五段・マ行
補,補う,オギナウ,五段・ワ行促音便
補,補える,オギナエル,一段
補,補する,ホス,サ変・−スル
補,補する,ホスル,サ変・−スル
募,募る,ツノル,五段・ラ行
慕,慕う,シタウ,五段・ワ行促音便
暮,暮す,クラス,五段・サ行
暮,暮らす,クラス,五段・サ行
暮,暮れる,クレル,一段
倣,倣う,ナラウ,五段・ワ行促音便
包,包む,ツツム,五段・マ行
包,包める,ツツメル,一段
呆,呆れる,アキレル,一段
報,報う,ムクウ,五段・ワ行促音便
報,報える,ムクエル,一段
報,報ずる,ホウズ,サ変・−ズル
報,報ずる,ホウズル,サ変・−ズル
報,報せる,シラセル,一段
奉,奉ずる,ホウズ,サ変・−ズル
奉,奉ずる,ホウズル,サ変・−ズル
奉,奉る,タテマツル,五段・ラ行
奉,奉る,マツル,五段・ラ行
崩,崩す,クズス,五段・サ行
崩,崩ずる,ホウズ,サ変・−ズル
崩,崩ずる,ホウズル,サ変・−ズル
崩,崩せる,クズセル,一段
崩,崩れる,クズレル,一段
抱,抱える,カカエル,一段
抱,抱える,カカエル,一段
抱,抱く,イダク,五段・カ行イ音便
抱,抱く,イダク,五段・カ行イ音便
抱,抱く,ダク,五段・カ行イ音便
抱,抱く,ダク,五段・カ行イ音便
抱,抱ける,イダケル,一段
抱,抱ける,イダケル,一段
抱,抱ける,ダケル,一段
抱,抱ける,ダケル,一段
捧,捧ぐ,ササグ,下二・ガ行
捧,捧げる,ササゲル,一段
放,放く,コク,五段・カ行イ音便
放,放す,ハナス,五段・サ行
放,放す,ホカス,五段・サ行
放,放せる,ハナセル,一段
放,放つ,ハナツ,五段・タ行
放,放る,ホウル,五段・ラ行
放,放れる,ハナレル,一段
法,法る,ノットル,五段・ラ行
縫,縫う,ヌウ,五段・ワ行促音便
縫,縫える,ヌエル,一段
萌,萌える,モエル,一段
萌,萌す,キザス,五段・サ行
萌,萌む,メグム,五段・マ行
襃,褒める,ホメル,一段
褒,褒める,ホメル,一段
訪,訪う,オトナウ,五段・ワ行促音便
訪,訪う,トウ,五段・ワ行促音便
訪,訪ねる,タズネル,一段
訪,訪れる,オトズレル,一段
飽,飽かす,アカス,五段・サ行
飽,飽く,アク,五段・カ行イ音便
亡,亡ぶ,ホロブ,五段・バ行
妨,妨げる,サマタゲル,一段
忘,忘する,ボウス,サ変・−スル
忘,忘する,ボウスル,サ変・−スル
忘,忘れる,ワスレル,一段
暴,暴く,アバク,五段・カ行イ音便
暴,暴ける,アバケル,一段
暴,暴れる,アバレル,一段
望,望む,ノゾム,五段・マ行
望,望める,ノゾメル,一段
冒,冒す,オカス,五段・サ行
冒,冒せる,オカセル,一段
紡,紡ぐ,ツムグ,五段・ガ行
膨,膨らす,フクラス,五段・サ行
膨,膨れる,フクレル,一段
謀,謀る,ハカル,五段・ラ行
謀,謀れる,ハカレル,一段
防,防ぐ,フセグ,五段・ガ行
防,防げる,フセゲル,一段
吠,吠える,ホエル,一段
卜,卜する,ボクス,サ変・−スル
卜,卜する,ボクスル,サ変・−スル
撲,撲る,ナグル,五段・ラ行
睦,睦む,ムツム,五段・マ行
没,没す,ボッス,五段・サ行
没,没する,ボッス,サ変・−スル
没,没する,ボッスル,サ変・−スル
飜,翻す,ヒルガエス,五段・サ行
翻,翻す,ヒルガエス,五段・サ行
飜,翻せる,ヒルガエセル,一段
翻,翻せる,ヒルガエセル,一段
飜,翻る,ヒルガエル,五段・ラ行
翻,翻る,ヒルガエル,五段・ラ行
摩,摩する,マス,サ変・−スル
摩,摩する,マスル,サ変・−スル
摩,摩る,サスル,五段・ラ行
摩,摩る,スル,五段・ラ行
摩,摩れる,スレル,一段
磨,磨く,ミガク,五段・カ行イ音便
磨,磨ぐ,トグ,五段・ガ行
磨,磨ける,ミガケル,一段
磨,磨る,スル,五段・ラ行
磨,磨れる,スレル,一段
埋,埋かる,イカル,五段・ラ行
薶,埋かる,イカル,五段・ラ行
埋,埋ける,イケル,一段
薶,埋ける,イケル,一段
埋,埋まる,ウズマル,五段・ラ行
薶,埋まる,ウズマル,五段・ラ行
埋,埋まる,ウマル,五段・ラ行
薶,埋まる,ウマル,五段・ラ行
埋,埋める,ウズメル,一段
薶,埋める,ウズメル,一段
埋,埋める,ウメル,一段
薶,埋める,ウメル,一段
埋,埋る,ウマル,五段・ラ行
薶,埋る,ウマル,五段・ラ行
埋,埋れる,ウモレル,一段
薶,埋れる,ウモレル,一段
枕,枕する,マクラス,サ変・−スル
枕,枕する,マクラスル,サ変・−スル
慢,慢ずる,マンズ,サ変・−ズル
慢,慢ずる,マンズル,サ変・−ズル
滿,満たす,ミタス,五段・サ行
満,満たす,ミタス,五段・サ行
滿,満つ,ミツ,五段・タ行
満,満つ,ミツ,五段・タ行
魅,魅する,ミス,サ変・−スル
魅,魅する,ミスル,サ変・−スル
魅,魅せる,ミセル,一段
稔,稔る,ミノル,五段・ラ行
眠,眠らす,ネムラス,五段・サ行
眠,眠る,ネムル,五段・ラ行
眠,眠れる,ネムレル,一段
務,務まる,ツトマル,五段・ラ行
務,務める,ツトメル,一段
命,命ずる,メイズ,サ変・−ズル
命,命ずる,メイズル,サ変・−ズル
明,明かす,アカス,五段・サ行
明,明く,アク,五段・カ行イ音便
明,明ける,アケル,一段
迷,迷う,マヨウ,五段・ワ行ウ音便
迷,迷う,マヨウ,五段・ワ行促音便
迷,迷わす,マヨワス,五段・サ行
銘,銘ずる,メイズ,サ変・−ズル
銘,銘ずる,メイズル,サ変・−ズル
鳴,鳴かす,ナカス,五段・サ行
鳴,鳴く,ナク,五段・カ行イ音便
鳴,鳴ける,ナケル,一段
鳴,鳴らす,ナラス,五段・サ行
鳴,鳴る,ナル,五段・ラ行
滅,滅する,メッス,サ変・−スル
滅,滅する,メッスル,サ変・−スル
滅,滅ぶ,ホロブ,五段・バ行
免,免ずる,メンズ,サ変・−ズル
免,免ずる,メンズ,サ変・−ズル
免,免ずる,メンズル,サ変・−ズル
免,免ずる,メンズル,サ変・−ズル
免,免れる,マヌカレル,一段
免,免れる,マヌカレル,一段
免,免れる,マヌガレル,一段
免,免れる,マヌガレル,一段
面,面す,メンス,五段・サ行
面,面する,メンス,サ変・−スル
面,面する,メンスル,サ変・−スル
摸,摸する,モス,サ変・−スル
摸,摸する,モスル,サ変・−スル
模,模する,モス,サ変・−スル
模,模する,モスル,サ変・−スル
茂,茂る,シゲル,五段・ラ行
猛,猛る,タケル,五段・ラ行
蒙,蒙る,コウムル,五段・ラ行
儲,儲かる,モウカル,五段・ラ行
儲,儲ける,モウケル,一段
默,黙す,モダス,五段・サ行
黙,黙す,モダス,五段・サ行
默,黙する,モクス,サ変・−スル
黙,黙する,モクス,サ変・−スル
默,黙する,モクスル,サ変・−スル
黙,黙する,モクスル,サ変・−スル
默,黙る,ダマル,五段・ラ行
黙,黙る,ダマル,五段・ラ行
目,目ざす,メザス,五段・サ行
目,目する,モクス,サ変・−スル
目,目する,モクスル,サ変・−スル
戾,戻す,モドス,五段・サ行
戻,戻す,モドス,五段・サ行
戾,戻せる,モドセル,一段
戻,戻せる,モドセル,一段
戾,戻る,モドル,五段・ラ行
戻,戻る,モドル,五段・ラ行
戾,戻れる,モドレル,一段
戻,戻れる,モドレル,一段
貰,貰う,モラウ,五段・ワ行促音便
貰,貰える,モラエル,一段
問,問う,トウ,五段・ワ行ウ音便
問,問う,トウ,五段・ワ行促音便
問,問える,トエル,一段
悶,悶える,モダエル,一段
役,役する,エキス,サ変・−スル
役,役する,エキスル,サ変・−スル
約,約す,ヤクス,五段・サ行
約,約する,ヤクス,サ変・−スル
約,約する,ヤクスル,サ変・−スル
約,約まる,ツヅマル,五段・ラ行
約,約める,ツヅメル,一段
譯,訳す,ヤクス,五段・サ行
訳,訳す,ヤクス,五段・サ行
譯,訳する,ヤクス,サ変・−スル
訳,訳する,ヤクス,サ変・−スル
譯,訳する,ヤクスル,サ変・−スル
訳,訳する,ヤクスル,サ変・−スル
譯,訳せる,ヤクセル,一段
訳,訳せる,ヤクセル,一段
躍,躍る,オドル,五段・ラ行
癒,癒える,イエル,一段
癒,癒える,イエル,一段
癒,癒す,イヤス,五段・サ行
癒,癒す,イヤス,五段・サ行
癒,癒せる,イヤセル,一段
癒,癒せる,イヤセル,一段
諭,諭す,サトス,五段・サ行
諭,諭せる,サトセル,一段
輸,輸する,ユス,サ変・−スル
輸,輸する,ユスル,サ変・−スル
優,優る,マサル,五段・ラ行
優,優れる,スグレル,一段
勇,勇む,イサム,五段・マ行
宥,宥める,ナダメル,一段
幽,幽する,ユウス,サ変・−スル
幽,幽する,ユウスル,サ変・−スル
憂,憂う,ウレウ,五段・ワ行促音便
憂,憂える,ウレエル,一段
憂,憂ふ,ウレフ,下二・ハ行
憂,憂ふ,ウレフ,上二・ハ行
有,有す,ユウス,五段・サ行
有,有する,ユウス,サ変・−スル
有,有する,ユウスル,サ変・−スル
有,有る,アル,五段・ラ行
湧,湧かす,ワカス,五段・サ行
湧,湧く,ワク,五段・カ行イ音便
涌,涌かす,ワカス,五段・サ行
涌,涌く,ワク,五段・カ行イ音便
由,由る,ヨル,五段・ラ行
誘,誘う,イザナウ,五段・ワ行促音便
誘,誘う,サソウ,五段・ワ行促音便
誘,誘える,サソエル,一段
誘,誘く,オビク,五段・カ行イ音便
誘,誘ふ,サソフ,四段・ハ行
遊,遊ばす,アソバス,五段・サ行
遊,遊ぶ,アソブ,五段・バ行
遊,遊べる,アソベル,一段
融,融かす,トカス,五段・サ行
融,融ける,トケル,一段
餘,余す,アマス,五段・サ行
余,余す,アマス,五段・サ行
餘,余る,アマル,五段・ラ行
余,余る,アマル,五段・ラ行
與,与える,アタエル,一段
与,与える,アタエル,一段
與,与する,クミス,サ変・−スル
与,与する,クミス,サ変・−スル
與,与する,クミスル,サ変・−スル
与,与する,クミスル,サ変・−スル
與,与る,アズカル,五段・ラ行
与,与る,アズカル,五段・ラ行
譽,誉める,ホメル,一段
誉,誉める,ホメル,一段
預,預かる,アズカル,五段・ラ行
預,預ける,アヅケル,一段
預,預る,アズカル,五段・ラ行
傭,傭う,ヤトウ,五段・ワ行促音便
容,容れる,イレル,一段
揚,揚がる,アガル,五段・ラ行
揚,揚げる,アゲル,一段
揚,揚る,アガル,五段・ラ行
搖,揺がす,ユルガス,五段・サ行
揺,揺がす,ユルガス,五段・サ行
搖,揺ぐ,ユルグ,五段・ガ行
揺,揺ぐ,ユルグ,五段・ガ行
搖,揺する,ユスル,五段・ラ行
揺,揺する,ユスル,五段・ラ行
搖,揺らす,ユラス,五段・サ行
揺,揺らす,ユラス,五段・サ行
搖,揺る,ユル,五段・ラ行
揺,揺る,ユル,五段・ラ行
搖,揺れる,ユレル,一段
揺,揺れる,ユレル,一段
擁,擁す,ヨウス,五段・サ行
擁,擁する,ヨウス,サ変・−スル
擁,擁する,ヨウスル,サ変・−スル
溶,溶かす,トカス,五段・サ行
溶,溶く,トク,五段・カ行イ音便
溶,溶ける,トケル,一段
熔,熔ける,トケル,一段
耀,耀かす,カガヤカス,五段・サ行
耀,耀く,カガヤク,五段・カ行イ音便
要,要す,ヨウス,五段・サ行
要,要する,ヨウス,サ変・−スル
要,要する,ヨウスル,サ変・−スル
要,要る,イル,五段・ラ行
謠,謡う,ウタウ,五段・ワ行促音便
謡,謡う,ウタウ,五段・ワ行促音便
謠,謡える,ウタエル,一段
謡,謡える,ウタエル,一段
踊,踊る,オドル,五段・ラ行
踊,踊れる,オドレル,一段
養,養う,ヤシナウ,五段・ワ行促音便
養,養える,ヤシナエル,一段
抑,抑える,オサエル,一段
欲,欲する,ホッス,サ変・−スル
欲,欲する,ホッスル,サ変・−スル
欲,欲ばる,ヨクバル,五段・ラ行
浴,浴する,ヨクス,サ変・−スル
浴,浴する,ヨクスル,サ変・−スル
淀,淀む,ヨドム,五段・マ行
來,来す,キタス,五段・サ行
来,来す,キタス,五段・サ行
來,来たす,キタス,五段・サ行
来,来たす,キタス,五段・サ行
來,来る,キタル,五段・ラ行
来,来る,キタル,五段・ラ行
來,来る,クル,カ変・来ル
来,来る,クル,カ変・来ル
來,来れる,コレル,一段
来,来れる,コレル,一段
來,来る,クル,カ変・来ル
来,来る,クル,カ変・来ル
賴,頼む,タノム,五段・マ行
頼,頼む,タノム,五段・マ行
賴,頼める,タノメル,一段
頼,頼める,タノメル,一段
賴,頼る,タヨル,五段・ラ行
頼,頼る,タヨル,五段・ラ行
賴,頼れる,タヨレル,一段
頼,頼れる,タヨレル,一段
絡,絡げる,カラゲル,一段
絡,絡ます,カラマス,五段・サ行
絡,絡まる,カラマル,五段・ラ行
絡,絡む,カラム,五段・マ行
絡,絡める,カラメル,一段
落,落す,オトス,五段・サ行
落,落つ,オツ,五段・タ行
亂,乱す,ミダス,五段・サ行
乱,乱す,ミダス,五段・サ行
亂,乱せる,ミダセル,一段
乱,乱せる,ミダセル,一段
亂,乱れる,ミダレル,一段
乱,乱れる,ミダレル,一段
利,利かす,キカス,五段・サ行
利,利く,キク,五段・カ行イ音便
利,利す,リス,五段・サ行
利,利する,リス,サ変・−スル
利,利する,リスル,サ変・−スル
履,履く,ハク,五段・カ行イ音便
履,履ける,ハケル,一段
理,理る,コトワル,五段・ラ行
離,離す,ハナス,五段・サ行
離,離せる,ハナセル,一段
離,離れる,ハナレル,一段
律,律す,リッス,五段・サ行
律,律する,リッス,サ変・−スル
律,律する,リッスル,サ変・−スル
立,立たす,タタス,五段・サ行
立,立つ,タツ,五段・タ行
立,立てる,タテル,一段
掠,掠める,カスメル,一段
掠,掠る,カスル,五段・ラ行
掠,掠れる,カスレル,一段
略,略す,リャクス,五段・サ行
略,略する,リャクス,サ変・−スル
略,略する,リャクスル,サ変・−スル
略,略せる,リャクセル,一段
流,流す,ナガス,五段・サ行
流,流せる,ナガセル,一段
流,流る,ナガレル,一段
流,流れる,ナガレル,一段
溜,溜まる,タマル,五段・ラ行
溜,溜める,タメル,一段
溜,溜る,タマル,五段・ラ行
留,留まる,トドマル,五段・ラ行
留,留まる,トマル,五段・ラ行
留,留める,トドメル,一段
留,留める,トメル,一段
留,留る,トマル,五段・ラ行
慮,慮る,オモンバカル,五段・ラ行
了,了する,リョウス,サ変・−スル
了,了する,リョウスル,サ変・−スル
凌,凌ぐ,シノグ,五段・ガ行
凌,凌げる,シノゲル,一段
料,料る,リョウル,五段・ラ行
涼,涼む,スズム,五段・マ行
涼,涼める,スズメル,一段
諒,諒する,リョウス,サ変・−スル
諒,諒する,リョウスル,サ変・−スル
量,量る,ハカル,五段・ラ行
量,量れる,ハカレル,一段
領,領する,リョウス,サ変・−スル
領,領する,リョウスル,サ変・−スル
力,力む,リキム,五段・マ行
燐,燐む,キラメム,五段・マ行
臨,臨む,ノゾム,五段・マ行
臨,臨める,ノゾメル,一段
隣,隣る,トナル,五段・ラ行
淚,涙す,ナミダス,五段・サ行
涙,涙す,ナミダス,五段・サ行
淚,涙する,ナミダス,サ変・−スル
涙,涙する,ナミダス,サ変・−スル
淚,涙する,ナミダスル,サ変・−スル
涙,涙する,ナミダスル,サ変・−スル
類,類える,タグエル,一段
類,類える,タグエル,一段
類,類する,ルイス,サ変・−スル
類,類する,ルイス,サ変・−スル
類,類する,ルイスル,サ変・−スル
類,類する,ルイスル,サ変・−スル
令,令する,レイス,サ変・−スル
令,令する,レイスル,サ変・−スル
例,例える,タトエル,一段
冷,冷える,ヒエル,一段
冷,冷かす,ヒヤカス,五段・サ行
冷,冷す,ヒヤス,五段・サ行
冷,冷ます,サマス,五段・サ行
冷,冷める,サメル,一段
冷,冷やす,ヒヤス,五段・サ行
勵,励ます,ハゲマス,五段・サ行
励,励ます,ハゲマス,五段・サ行
勵,励む,ハゲム,五段・マ行
励,励む,ハゲム,五段・マ行
零,零す,コボス,五段・サ行
零,零れる,コボレル,一段
歷,歴る,ヘル,一段
歴,歴る,ヘル,一段
列,列する,レッス,サ変・−スル
列,列する,レッスル,サ変・−スル
列,列なる,ツラナル,五段・ラ行
列,列ねる,ツラネル,一段
列,列ぶ,ナラブ,五段・バ行
列,列べる,ナラベル,一段
劣,劣る,オトル,五段・ラ行
裂,裂く,サク,五段・カ行イ音便
裂,裂ける,サケル,一段
戀,恋う,コウ,五段・ワ行ウ音便
恋,恋う,コウ,五段・ワ行ウ音便
戀,恋する,コイス,サ変・−スル
恋,恋する,コイス,サ変・−スル
戀,恋する,コイスル,サ変・−スル
恋,恋する,コイスル,サ変・−スル
煉,煉る,ネル,五段・ラ行
煉,煉れる,ネレル,一段
練,練る,ネル,五段・ラ行
練,練る,ネル,五段・ラ行
練,練れる,ネレル,一段
練,練れる,ネレル,一段
連,連なる,ツラナル,五段・ラ行
連,連ねる,ツラネル,一段
連,連れる,ツレル,一段
鍊,錬る,ネル,五段・ラ行
錬,錬る,ネル,五段・ラ行
鍊,錬れる,ネレル,一段
錬,錬れる,ネレル,一段
勞,労う,ネギラウ,五段・ワ行促音便
労,労う,ネギラウ,五段・ワ行促音便
勞,労する,ロウス,サ変・−スル
労,労する,ロウス,サ変・−スル
勞,労する,ロウスル,サ変・−スル
労,労する,ロウスル,サ変・−スル
弄,弄う,イラウ,五段・ワ行促音便
弄,弄する,ロウス,サ変・−スル
弄,弄する,ロウスル,サ変・−スル
弄,弄ぶ,モテアソブ,五段・バ行
弄,弄る,イジクル,五段・ラ行
弄,弄る,イジル,五段・ラ行
漏,漏らす,モラス,五段・サ行
漏,漏る,モル,五段・ラ行
漏,漏れる,モレル,一段
篭,篭める,コメル,一段
篭,篭る,コモル,五段・ラ行
老,老ける,フケル,一段
聾,聾する,ロウス,サ変・−スル
聾,聾する,ロウスル,サ変・−スル
錄,録する,ロクス,サ変・−スル
録,録する,ロクス,サ変・−スル
錄,録する,ロクスル,サ変・−スル
録,録する,ロクスル,サ変・−スル
論,論ずる,ロンズ,サ変・−ズル
論,論ずる,ロンズル,サ変・−ズル
論,論る,アゲツラル,五段・ラ行
和,和える,アエル,一段
和,和ぐ,ナグ,五段・ガ行
和,和する,ワス,サ変・−スル
和,和する,ワスル,サ変・−スル
和,和む,ナゴム,五段・マ行
和,和める,ナゴメル,一段
話,話す,ハナス,五段・サ行
話,話せる,ハナセル,一段
歪,歪む,イガム,五段・マ行
歪,歪む,ヒズム,五段・マ行
歪,歪む,ユガム,五段・マ行
歪,歪める,ユガメル,一段
賄,賄う,マカナウ,五段・ワ行促音便
賄,賄える,マカナエル,一段
惑,惑う,マドウ,五段・ワ行促音便
惑,惑わす,マドワス,五段・サ行
亙,亙る,ワタル,五段・ラ行
亙,亙れる,ワタレル,一段
亘,亘る,ワタル,五段・ラ行
佇,佇つ,タツ,五段・タ行
佇,佇む,タタズム,五段・マ行
佩,佩く,ハク,五段・カ行イ音便
俯,俯く,ウツムク,五段・カ行イ音便
俯,俯ける,ウツムケル,一段
俯,俯せる,ウツブセル,一段
傳,傳える,ツタエル,一段
僭,僭する,センス,サ変・−スル
僭,僭する,センスル,サ変・−スル
儚,儚む,ハカナム,五段・マ行
冀,冀う,コイネガウ,五段・ワ行促音便
冲,冲する,チュウス,サ変・−スル
冲,冲する,チュウスル,サ変・−スル
凭,凭れる,モタレル,一段
刳,刳る,クル,五段・ラ行
剪,剪む,ハサム,五段・マ行
剽,剽げる,ヒョウゲル,一段
劈,劈く,ツンザク,五段・カ行イ音便
卷,卷く,マク,五段・カ行イ音便
卷,卷ける,マケル,一段
吼,吼える,ホエル,一段
呵,呵する,カス,サ変・−スル
呵,呵する,カスル,サ変・−スル
呵,呵る,シカル,五段・ラ行
咎,咎める,トガメル,一段
呟,呟く,ツブヤク,五段・カ行イ音便
呷,呷る,アオル,五段・ラ行
呻,呻く,ウメク,五段・カ行イ音便
咬,咬む,カム,五段・マ行
咬,咬める,カメル,一段
哮,哮る,タケル,五段・ラ行
哭,哭く,ナク,五段・カ行イ音便
哭,哭する,コクス,サ変・−スル
哭,哭する,コクスル,サ変・−スル
啜,啜る,ススル,五段・ラ行
唸,唸る,ウナル,五段・ラ行
喘,喘ぐ,アエグ,五段・ガ行
啼,啼く,ナク,五段・カ行イ音便
喩,喩える,タトエル,一段
嗅,嗅ぐ,カグ,五段・ガ行
嗄,嗄らす,カラス,五段・サ行
嗄,嗄れる,カレル,一段
嗄,嗄れる,シャガレル,一段
嗄,嗄れる,シワガレル,一段
嗜,嗜む,タシナム,五段・マ行
嗜,嗜める,タシナメル,一段
噎,噎せる,ムセル,一段
噎,噎ぶ,ムセブ,五段・バ行
嘶,嘶える,イバエル,一段
嘶,嘶く,イナナク,五段・カ行イ音便
嘲,嘲る,アザケル,五段・ラ行
噤,噤む,ツグム,五段・マ行
嘯,嘯く,ウソブク,五段・カ行イ音便
嚼,嚼む,カム,五段・マ行
囁,囁く,ササヤク,五段・カ行イ音便
囃,囃す,ハヤス,五段・サ行
囀,囀る,サエズル,五段・ラ行
毀,毀す,コワス,五段・サ行
毀,毀つ,コボツ,五段・タ行
毀,毀れる,コボレル,一段
毀,毀れる,コワレル,一段
夾,夾む,ハサム,五段・マ行
夾,夾める,ハサメル,一段
奢,奢る,オゴル,五段・ラ行
奬,奬める,ススメル,一段
娶,娶す,メアワス,五段・サ行
娶,娶せる,メアワセル,一段
娶,娶る,メトル,五段・ラ行
嬲,嬲る,ナブル,五段・ラ行
孕,孕む,ハラム,五段・マ行
孵,孵す,カエス,五段・サ行
孵,孵る,カエル,五段・ラ行
學,學ぶ,マナブ,五段・バ行
斅,學ぶ,マナブ,五段・バ行
寇,寇する,アダス,サ変・−スル
寇,寇する,アダスル,サ変・−スル
寫,寫す,ウツス,五段・サ行
寫,寫せる,ウツセル,一段
峙,峙つ,ソバダツ,五段・タ行
嵌,嵌める,ハメル,一段
嵌,嵌る,ハマル,五段・ラ行
已,已める,ヤメル,一段
弑,弑する,シイス,サ変・−スル
弒,弑する,シイス,サ変・−スル
弑,弑する,シイスル,サ変・−スル
弒,弑する,シイスル,サ変・−スル
恍,恍ける,トボケル,一段
恤,恤む,メグム,五段・マ行
恙,恙む,ツツム,五段・マ行
悄,悄げる,ショゲル,一段
悖,悖る,モトル,五段・ラ行
悴,悴む,カジカム,五段・マ行
惘,惘れる,アキレル,一段
慴,慴れる,オソレル,一段
憬,憬れる,アコガレル,一段
罹,罹る,カカル,五段・ラ行
截,截つ,タツ,五段・タ行
扼,扼する,ヤクス,サ変・−スル
扼,扼する,ヤクスル,サ変・−スル
抉,抉る,エグル,五段・ラ行
抉,抉る,クジル,五段・ラ行
抓,抓む,ツマム,五段・マ行
抓,抓る,ツネル,五段・ラ行
抓,抓る,ツメル,五段・ラ行
拗,拗ける,ネジケル,一段
拗,拗ねる,スネル,一段
拗,拗らす,コジラス,五段・サ行
拗,拗る,ネジル,五段・ラ行
拗,拗れる,コジレル,一段
抛,抛る,ホウル,五段・ラ行
拉,拉ぐ,ヒシグ,五段・ガ行
拉,拉げる,ヒシゲル,一段
拉,拉する,ラッス,サ変・−スル
拉,拉する,ラッスル,サ変・−スル
拱,拱く,コマヌク,五段・カ行イ音便
拱,拱く,コマネク,五段・カ行イ音便
拵,拵える,コシラエル,一段
挾,挾む,ハサム,五段・マ行
捏,捏ねる,コネル,一段
捏,捏ねる,ツクネル,一段
捩,捩る,スジル,五段・ラ行
捩,捩る,ネジル,五段・ラ行
捩,捩る,モジル,五段・ラ行
捩,捩る,ヨジル,五段・ラ行
捩,捩れる,ネジレル,一段
捩,捩れる,ヨジレル,一段
揉,揉む,モム,五段・マ行
揉,揉める,モメル,一段
搖,搖れる,ユレル,一段
搦,搦める,カラメル,一段
搗,搗く,ツク,五段・カ行イ音便
撓,撓う,シナウ,五段・ワ行促音便
撓,撓む,タワム,五段・マ行
撓,撓める,イタメル,一段
撓,撓める,タワメル,一段
撓,撓る,シワル,五段・ラ行
撥,撥ねる,ハネル,一段
擂,擂る,スル,五段・ラ行
擂,擂れる,スレル,一段
擧,擧げる,アゲル,一段
擡,擡げる,モタゲル,一段
擲,擲つ,ナゲウツ,五段・タ行
擽,擽る,クスグル,五段・ラ行
攣,攣れる,ツレル,一段
攫,攫う,サラウ,五段・ワ行促音便
攫,攫む,ツカム,五段・マ行
敲,敲く,タタク,五段・カ行イ音便
暈,暈ける,ボケル,一段
暈,暈す,ボカス,五段・サ行
曰,曰う,ノタマウ,五段・ワ行促音便
曵,曵く,ヒク,五段・カ行イ音便
曵,曵ける,ヒケル,一段
枉,枉げる,マゲル,一段
梳,梳かす,トカス,五段・サ行
梳,梳く,スク,五段・カ行イ音便
梳,梳る,クシケズル,五段・ラ行
梳,梳る,ケズル,五段・ラ行
棹,棹さす,サオサス,五段・サ行
檄,檄する,ゲキス,サ変・−スル
檄,檄する,ゲキスル,サ変・−スル
鬱,鬱ぐ,フサグ,五段・ガ行
鬱,鬱する,ウッス,サ変・−スル
鬱,鬱する,ウッスル,サ変・−スル
欹,欹てる,ソバダテル,一段
毟,毟る,ムシル,五段・ラ行
麾,麾く,サシマネク,五段・カ行イ音便
沁,沁む,シム,五段・マ行
沮,沮む,ハバム,五段・マ行
浚,浚う,サラウ,五段・ワ行促音便
浚,浚える,サラエル,一段
涸,涸らす,カラス,五段・サ行
涸,涸れる,カレル,一段
渫,渫う,サラウ,五段・ワ行促音便
游,游ぐ,オヨグ,五段・ガ行
溯,溯る,サカノボル,五段・ラ行
滾,滾つ,タギツ,五段・タ行
滾,滾る,タギル,五段・ラ行
滲,滲む,ニジム,五段・マ行
漱,漱ぐ,ススグ,五段・ガ行
漲,漲る,ミナギル,五段・ラ行
濾,濾す,コス,五段・サ行
濾,濾せる,コセル,一段
炙,炙る,アブル,五段・ラ行
炒,炒める,イタメル,一段
炒,炒る,イル,五段・ラ行
烟,烟る,ケブル,五段・ラ行
焙,焙る,アブル,五段・ラ行
煌,煌む,キラメム,五段・マ行
燻,燻す,イブス,五段・サ行
燻,燻べる,クスベル,一段
燻,燻べる,フスベル,一段
燻,燻らす,クユラス,五段・サ行
燻,燻る,イブル,五段・ラ行
燻,燻る,クスブル,五段・ラ行
熨,熨す,ノス,五段・サ行
熬,熬る,イル,五段・ラ行
熾,熾す,オコス,五段・サ行
熾,熾る,オコル,五段・ラ行
爛,爛れる,タダレル,一段
犒,犒う,ネギラウ,五段・ワ行促音便
狎,狎れる,ナレル,一段
甦,甦る,ヨミガエル,五段・ラ行
疼,疼く,ウズク,五段・カ行イ音便
痺,痺れる,シビレル,一段
瘠,瘠せる,ヤセル,一段
皺,皺める,シワメル,一段
眇,眇める,スガメル,一段
眩,眩く,クルメク,五段・カ行イ音便
眩,眩む,クラム,五段・マ行
睨,睨む,ニラム,五段・マ行
睨,睨める,ネメル,一段
瞑,瞑する,メイス,サ変・−スル
瞑,瞑する,メイスル,サ変・−スル
瞑,瞑る,ツブル,五段・ラ行
瞑,瞑る,ツムル,五段・ラ行
碎,碎く,クダク,五段・カ行イ音便
碎,碎ける,クダケル,一段
碾,碾く,ヒク,五段・カ行イ音便
祀,祀る,マツル,五段・ラ行
祟,祟る,タタル,五段・ラ行
祓,祓う,ハラウ,五段・ワ行促音便
穢,穢す,ケガス,五段・サ行
穢,穢れる,ケガレル,一段
窘,窘める,タシナメル,一段
窶,窶す,ヤツス,五段・サ行
窶,窶れる,ヤツレル,一段
竄,竄する,ザンス,サ変・−スル
竄,竄する,ザンスル,サ変・−スル
竦,竦む,スクム,五段・マ行
竦,竦める,スクメル,一段
篩,篩う,フルウ,五段・ワ行促音便
籠,籠る,コモル,五段・ラ行
鬻,鬻ぐ,ヒサグ,五段・ガ行
糶,糶る,セル,五段・ラ行
糺,糺す,タダス,五段・サ行
絎,絎ける,クケル,一段
綯,綯う,ナウ,五段・ワ行促音便
綰,綰ねる,タガネル,一段
綰,綰ねる,ワガネル,一段
緘,緘する,カンス,サ変・−スル
緘,緘する,カンスル,サ変・−スル
縅,縅す,オドス,五段・サ行
縊,縊れる,クビレル,一段
縒,縒れる,ヨレル,一段
縋,縋る,スガル,五段・ラ行
縋,縋れる,スガレル,一段
縢,縢る,カガル,五段・ラ行
縺,縺れる,モツレル,一段
繙,繙く,ヒモトク,五段・カ行イ音便
翔,翔ける,カケル,一段
翔,翔ぶ,トブ,五段・バ行
翔,翔る,カケル,五段・ラ行
翳,翳す,カザス,五段・サ行
翳,翳る,カゲル,五段・ラ行
聘,聘する,ヘイス,サ変・−スル
聘,聘する,ヘイスル,サ変・−スル
聳,聳える,ソビエル,一段
聰,聰る,サトル,五段・ラ行
舁,舁く,カク,五段・カ行イ音便
舂,舂く,ウスズク,五段・カ行イ音便
與,與える,アタエル,一段
舐,舐める,ナメル,一段
舐,舐る,ネブル,五段・ラ行
茹,茹だる,ウダル,五段・ラ行
茹,茹だる,ユダル,五段・ラ行
茹,茹でる,ユデル,一段
薨,薨ずる,コウズ,サ変・−ズル
薨,薨ずる,コウズル,サ変・−ズル
蕾,蕾む,ツボム,五段・マ行
蟠,蟠る,ワダカマル,五段・ラ行
蠕,蠕く,ウゴメク,五段・カ行イ音便
蠢,蠢かす,ウゴメカス,五段・サ行
蠢,蠢く,ウゴメク,五段・カ行イ音便
衒,衒う,テラウ,五段・ワ行促音便
褪,褪せる,アセル,一段
褪,褪める,サメル,一段
訃,訃ぐ,ツグ,五段・ガ行
訃,訃げる,ツゲル,一段
訛,訛る,ナマル,五段・ラ行
訝,訝る,イブカル,五段・ラ行
詛,詛う,ノロウ,五段・ワ行促音便
誅,誅する,チュウス,サ変・−スル
誅,誅する,チュウスル,サ変・−スル
誂,誂える,アツラエル,一段
誑,誑かす,タブラカス,五段・サ行
誑,誑す,タラス,五段・サ行
誦,誦する,ショウス,サ変・−スル
誦,誦する,ショウスル,サ変・−スル
諂,諂う,ヘツラウ,五段・ワ行促音便
讇,諂う,ヘツラウ,五段・ワ行促音便
諷,諷する,フウス,サ変・−スル
諷,諷する,フウスル,サ変・−スル
謗,謗る,ソシル,五段・ラ行
謳,謳う,ウタウ,五段・ワ行促音便
譏,譏る,ソシル,五段・ラ行
譬,譬える,タトエル,一段
讀,讀む,ヨム,五段・マ行
讀,讀める,ヨメル,一段
讒,讒する,ザンス,サ変・−スル
讒,讒する,ザンスル,サ変・−スル
讚,讚える,タタエル,一段
貪,貪る,ムサボル,五段・ラ行
貶,貶す,ケナス,五段・サ行
貶,貶する,ヘンス,サ変・−スル
貶,貶する,ヘンスル,サ変・−スル
貶,貶む,サゲスム,五段・マ行
貶,貶める,オトシメル,一段
賣,賣る,ウル,五段・ラ行
賣,賣れる,ウレル,一段
賺,賺す,スカス,五段・サ行
𧸖,賺す,スカス,五段・サ行
齎,齎す,モタラス,五段・サ行
贖,贖う,アガナウ,五段・ワ行促音便
跪,跪く,ヒザマズク,五段・カ行イ音便
跼,跼る,セグクマル,五段・ラ行
踞,踞る,ウズクマル,五段・ラ行
蹶,蹶る,ケル,五段・ラ行
蹲,蹲う,ツクバウ,五段・ワ行促音便
蹲,蹲る,ウズクマル,五段・ラ行
躄,躄る,イザル,五段・ラ行
躓,躓く,ツマズク,五段・カ行イ音便
躱,躱す,カワス,五段・サ行
軋,軋む,キシム,五段・マ行
軋,軋る,キシル,五段・ラ行
轢,轢く,ヒク,五段・カ行イ音便
辷,辷らす,スベラス,五段・サ行
辷,辷る,スベル,五段・ラ行
迸,迸る,ホトバシル,五段・ラ行
醂,醂す,アワス,五段・サ行
醂,醂す,サワス,五段・サ行
鉗,鉗む,ツグム,五段・マ行
銜,銜える,クワエル,一段
銜,銜める,ククメル,一段
鋏,鋏む,ハサム,五段・マ行
鋏,鋏める,ハサメル,一段
鏤,鏤める,チリバメル,一段
閊,閊える,ツカエル,一段
闌,闌ける,タケル,一段
靠,靠れる,モタレル,一段
鞣,鞣す,ナメス,五段・サ行
頌,頌える,タタエル,一段
頌,頌する,ショウス,サ変・−スル
頌,頌する,ショウスル,サ変・−スル
頷,頷く,ウナズク,五段・カ行イ音便
頷,頷ける,ウナヅケル,一段
顰,顰める,シカメル,一段
顰,顰める,ヒソメル,一段
饐,饐える,スエル,一段
騙,騙かす,ダマカス,五段・サ行
騙,騙す,ダマス,五段・サ行
騙,騙る,カタル,五段・ラ行
驕,驕る,オゴル,五段・ラ行
靡,靡かす,ナビカス,五段・サ行
靡,靡く,ナビク,五段・カ行イ音便
齧,齧る,カジル,五段・ラ行